,Position,Residue,Sequence,Log10Kd
0,0,R,RIEISVTTPFACQIAAEIWRAFGYEVKIDDDNGNCRLHVC,-7.199999999999996
1,1,R,CREISVTTPFACQIAAEIWRAFGYEVKIDDDNGNCRLHVC,-8.7
2,2,R,CIRISVTTPFACQIAAEIWRAFGYEVKIDDDNGNCRLHVC,-7.199999999999996
3,3,R,CIERSVTTPFACQIAAEIWRAFGYEVKIDDDNGNCRLHVC,-8.099999999999998
4,4,R,CIEIRVTTPFACQIAAEIWRAFGYEVKIDDDNGNCRLHVC,-7.4999999999999964
5,5,R,CIEISRTTPFACQIAAEIWRAFGYEVKIDDDNGNCRLHVC,-8.099999999999998
6,6,R,CIEISVRTPFACQIAAEIWRAFGYEVKIDDDNGNCRLHVC,-7.199999999999996
7,7,R,CIEISVTRPFACQIAAEIWRAFGYEVKIDDDNGNCRLHVC,-6.899999999999995
8,8,R,CIEISVTTRFACQIAAEIWRAFGYEVKIDDDNGNCRLHVC,-7.4999999999999964
9,9,R,CIEISVTTPRACQIAAEIWRAFGYEVKIDDDNGNCRLHVC,-3.599999999999987
10,10,R,CIEISVTTPFRCQIAAEIWRAFGYEVKIDDDNGNCRLHVC,-3.2999999999999865
11,11,R,CIEISVTTPFARQIAAEIWRAFGYEVKIDDDNGNCRLHVC,-6.899999999999995
12,12,R,CIEISVTTPFACRIAAEIWRAFGYEVKIDDDNGNCRLHVC,-7.199999999999996
13,13,R,CIEISVTTPFACQRAAEIWRAFGYEVKIDDDNGNCRLHVC,-3.2999999999999865
14,14,R,CIEISVTTPFACQIRAEIWRAFGYEVKIDDDNGNCRLHVC,-3.599999999999987
15,15,R,CIEISVTTPFACQIAREIWRAFGYEVKIDDDNGNCRLHVC,-4.79999999999999
16,16,R,CIEISVTTPFACQIAARIWRAFGYEVKIDDDNGNCRLHVC,-6.299999999999994
17,17,R,CIEISVTTPFACQIAAERWRAFGYEVKIDDDNGNCRLHVC,-3.2999999999999865
18,18,R,CIEISVTTPFACQIAAEIRRAFGYEVKIDDDNGNCRLHVC,-3.599999999999987
19,19,R,CIEISVTTPFACQIAAEIWRAFGYEVKIDDDNGNCRLHVC,-6.899999999999995
20,20,R,CIEISVTTPFACQIAAEIWRRFGYEVKIDDDNGNCRLHVC,-6.899999999999995
21,21,R,CIEISVTTPFACQIAAEIWRARGYEVKIDDDNGNCRLHVC,-3.599999999999987
22,22,R,CIEISVTTPFACQIAAEIWRAFRYEVKIDDDNGNCRLHVC,-7.4999999999999964
23,23,R,CIEISVTTPFACQIAAEIWRAFGREVKIDDDNGNCRLHVC,-6.899999999999995
24,24,R,CIEISVTTPFACQIAAEIWRAFGYRVKIDDDNGNCRLHVC,-7.199999999999996
25,25,R,CIEISVTTPFACQIAAEIWRAFGYERKIDDDNGNCRLHVC,-3.2999999999999865
26,26,R,CIEISVTTPFACQIAAEIWRAFGYEVRIDDDNGNCRLHVC,-7.199999999999996
27,27,R,CIEISVTTPFACQIAAEIWRAFGYEVKRDDDNGNCRLHVC,-7.4999999999999964
28,28,R,CIEISVTTPFACQIAAEIWRAFGYEVKIRDDNGNCRLHVC,-7.199999999999996
29,29,R,CIEISVTTPFACQIAAEIWRAFGYEVKIDRDNGNCRLHVC,-7.799999999999997
30,30,R,CIEISVTTPFACQIAAEIWRAFGYEVKIDDRNGNCRLHVC,-6.299999999999994
31,31,R,CIEISVTTPFACQIAAEIWRAFGYEVKIDDDRGNCRLHVC,-7.4999999999999964
32,32,R,CIEISVTTPFACQIAAEIWRAFGYEVKIDDDNRNCRLHVC,-6.599999999999994
33,33,R,CIEISVTTPFACQIAAEIWRAFGYEVKIDDDNGRCRLHVC,-7.4999999999999964
34,34,R,CIEISVTTPFACQIAAEIWRAFGYEVKIDDDNGNRRLHVC,-7.4999999999999964
35,35,R,CIEISVTTPFACQIAAEIWRAFGYEVKIDDDNGNCRLHVC,-6.899999999999995
36,36,R,CIEISVTTPFACQIAAEIWRAFGYEVKIDDDNGNCRRHVC,-6.599999999999994
37,37,R,CIEISVTTPFACQIAAEIWRAFGYEVKIDDDNGNCRLRVC,-6.899999999999995
38,38,R,CIEISVTTPFACQIAAEIWRAFGYEVKIDDDNGNCRLHRC,-8.099999999999998
39,39,R,CIEISVTTPFACQIAAEIWRAFGYEVKIDDDNGNCRLHVR,-7.199999999999996
40,0,H,HIEISVTTPFACQIAAEIWRAFGYEVKIDDDNGNCRLHVC,-7.199999999999996
41,1,H,CHEISVTTPFACQIAAEIWRAFGYEVKIDDDNGNCRLHVC,-7.4999999999999964
42,2,H,CIHISVTTPFACQIAAEIWRAFGYEVKIDDDNGNCRLHVC,-7.4999999999999964
43,3,H,CIEHSVTTPFACQIAAEIWRAFGYEVKIDDDNGNCRLHVC,-7.199999999999996
44,4,H,CIEIHVTTPFACQIAAEIWRAFGYEVKIDDDNGNCRLHVC,-7.4999999999999964
45,5,H,CIEISHTTPFACQIAAEIWRAFGYEVKIDDDNGNCRLHVC,-9.0
46,6,H,CIEISVHTPFACQIAAEIWRAFGYEVKIDDDNGNCRLHVC,-6.899999999999995
47,7,H,CIEISVTHPFACQIAAEIWRAFGYEVKIDDDNGNCRLHVC,-6.599999999999994
48,8,H,CIEISVTTHFACQIAAEIWRAFGYEVKIDDDNGNCRLHVC,-7.799999999999997
49,9,H,CIEISVTTPHACQIAAEIWRAFGYEVKIDDDNGNCRLHVC,-5.699999999999992
50,10,H,CIEISVTTPFHCQIAAEIWRAFGYEVKIDDDNGNCRLHVC,-3.599999999999987
51,11,H,CIEISVTTPFAHQIAAEIWRAFGYEVKIDDDNGNCRLHVC,-3.2999999999999865
52,12,H,CIEISVTTPFACHIAAEIWRAFGYEVKIDDDNGNCRLHVC,-7.199999999999996
53,13,H,CIEISVTTPFACQHAAEIWRAFGYEVKIDDDNGNCRLHVC,-7.199999999999996
54,14,H,CIEISVTTPFACQIHAEIWRAFGYEVKIDDDNGNCRLHVC,-3.2999999999999865
55,15,H,CIEISVTTPFACQIAHEIWRAFGYEVKIDDDNGNCRLHVC,-4.499999999999989
56,16,H,CIEISVTTPFACQIAAHIWRAFGYEVKIDDDNGNCRLHVC,-7.4999999999999964
57,17,H,CIEISVTTPFACQIAAEHWRAFGYEVKIDDDNGNCRLHVC,-3.2999999999999865
58,18,H,CIEISVTTPFACQIAAEIHRAFGYEVKIDDDNGNCRLHVC,-6.599999999999994
59,19,H,CIEISVTTPFACQIAAEIWHAFGYEVKIDDDNGNCRLHVC,-6.599999999999994
60,20,H,CIEISVTTPFACQIAAEIWRHFGYEVKIDDDNGNCRLHVC,-6.899999999999995
61,21,H,CIEISVTTPFACQIAAEIWRAHGYEVKIDDDNGNCRLHVC,-3.599999999999987
62,22,H,CIEISVTTPFACQIAAEIWRAFHYEVKIDDDNGNCRLHVC,-8.099999999999998
63,23,H,CIEISVTTPFACQIAAEIWRAFGHEVKIDDDNGNCRLHVC,-6.599999999999994
64,24,H,CIEISVTTPFACQIAAEIWRAFGYHVKIDDDNGNCRLHVC,-7.4999999999999964
65,25,H,CIEISVTTPFACQIAAEIWRAFGYEHKIDDDNGNCRLHVC,-3.2999999999999865
66,26,H,CIEISVTTPFACQIAAEIWRAFGYEVHIDDDNGNCRLHVC,-7.199999999999996
67,27,H,CIEISVTTPFACQIAAEIWRAFGYEVKHDDDNGNCRLHVC,-6.599999999999994
68,28,H,CIEISVTTPFACQIAAEIWRAFGYEVKIHDDNGNCRLHVC,-7.199999999999996
69,29,H,CIEISVTTPFACQIAAEIWRAFGYEVKIDHDNGNCRLHVC,-7.4999999999999964
70,30,H,CIEISVTTPFACQIAAEIWRAFGYEVKIDDHNGNCRLHVC,-7.4999999999999964
71,31,H,CIEISVTTPFACQIAAEIWRAFGYEVKIDDDHGNCRLHVC,-7.199999999999996
72,32,H,CIEISVTTPFACQIAAEIWRAFGYEVKIDDDNHNCRLHVC,-6.899999999999995
73,33,H,CIEISVTTPFACQIAAEIWRAFGYEVKIDDDNGHCRLHVC,-7.199999999999996
74,34,H,CIEISVTTPFACQIAAEIWRAFGYEVKIDDDNGNHRLHVC,-7.799999999999997
75,35,H,CIEISVTTPFACQIAAEIWRAFGYEVKIDDDNGNCHLHVC,-4.79999999999999
76,36,H,CIEISVTTPFACQIAAEIWRAFGYEVKIDDDNGNCRHHVC,-6.299999999999994
77,37,H,CIEISVTTPFACQIAAEIWRAFGYEVKIDDDNGNCRLHVC,-6.899999999999995
78,38,H,CIEISVTTPFACQIAAEIWRAFGYEVKIDDDNGNCRLHHC,-7.199999999999996
79,39,H,CIEISVTTPFACQIAAEIWRAFGYEVKIDDDNGNCRLHVH,-6.299999999999994
80,0,K,KIEISVTTPFACQIAAEIWRAFGYEVKIDDDNGNCRLHVC,-7.4999999999999964
81,1,K,CKEISVTTPFACQIAAEIWRAFGYEVKIDDDNGNCRLHVC,-8.399999999999999
82,2,K,CIKISVTTPFACQIAAEIWRAFGYEVKIDDDNGNCRLHVC,-7.199999999999996
83,3,K,CIEKSVTTPFACQIAAEIWRAFGYEVKIDDDNGNCRLHVC,-9.0
84,4,K,CIEIKVTTPFACQIAAEIWRAFGYEVKIDDDNGNCRLHVC,-7.4999999999999964
85,5,K,CIEISKTTPFACQIAAEIWRAFGYEVKIDDDNGNCRLHVC,-6.899999999999995
86,6,K,CIEISVKTPFACQIAAEIWRAFGYEVKIDDDNGNCRLHVC,-7.199999999999996
87,7,K,CIEISVTKPFACQIAAEIWRAFGYEVKIDDDNGNCRLHVC,-7.4999999999999964
88,8,K,CIEISVTTKFACQIAAEIWRAFGYEVKIDDDNGNCRLHVC,-7.4999999999999964
89,9,K,CIEISVTTPKACQIAAEIWRAFGYEVKIDDDNGNCRLHVC,-7.199999999999996
90,10,K,CIEISVTTPFKCQIAAEIWRAFGYEVKIDDDNGNCRLHVC,-3.2999999999999865
91,11,K,CIEISVTTPFAKQIAAEIWRAFGYEVKIDDDNGNCRLHVC,-3.2999999999999865
92,12,K,CIEISVTTPFACKIAAEIWRAFGYEVKIDDDNGNCRLHVC,-7.4999999999999964
93,13,K,CIEISVTTPFACQKAAEIWRAFGYEVKIDDDNGNCRLHVC,-3.2999999999999865
94,14,K,CIEISVTTPFACQIKAEIWRAFGYEVKIDDDNGNCRLHVC,-6.599999999999994
95,15,K,CIEISVTTPFACQIAKEIWRAFGYEVKIDDDNGNCRLHVC,-3.599999999999987
96,16,K,CIEISVTTPFACQIAAKIWRAFGYEVKIDDDNGNCRLHVC,-6.899999999999995
97,17,K,CIEISVTTPFACQIAAEKWRAFGYEVKIDDDNGNCRLHVC,-3.2999999999999865
98,18,K,CIEISVTTPFACQIAAEIKRAFGYEVKIDDDNGNCRLHVC,-3.2999999999999865
99,19,K,CIEISVTTPFACQIAAEIWKAFGYEVKIDDDNGNCRLHVC,-6.899999999999995
100,20,K,CIEISVTTPFACQIAAEIWRKFGYEVKIDDDNGNCRLHVC,-6.899999999999995
101,21,K,CIEISVTTPFACQIAAEIWRAKGYEVKIDDDNGNCRLHVC,-4.499999999999989
102,22,K,CIEISVTTPFACQIAAEIWRAFKYEVKIDDDNGNCRLHVC,-7.199999999999996
103,23,K,CIEISVTTPFACQIAAEIWRAFGKEVKIDDDNGNCRLHVC,-6.599999999999994
104,24,K,CIEISVTTPFACQIAAEIWRAFGYKVKIDDDNGNCRLHVC,-7.4999999999999964
105,25,K,CIEISVTTPFACQIAAEIWRAFGYEKKIDDDNGNCRLHVC,-3.2999999999999865
106,26,K,CIEISVTTPFACQIAAEIWRAFGYEVKIDDDNGNCRLHVC,-6.899999999999995
107,27,K,CIEISVTTPFACQIAAEIWRAFGYEVKKDDDNGNCRLHVC,-7.4999999999999964
108,28,K,CIEISVTTPFACQIAAEIWRAFGYEVKIKDDNGNCRLHVC,-6.899999999999995
109,29,K,CIEISVTTPFACQIAAEIWRAFGYEVKIDKDNGNCRLHVC,-6.899999999999995
110,30,K,CIEISVTTPFACQIAAEIWRAFGYEVKIDDKNGNCRLHVC,-7.799999999999997
111,31,K,CIEISVTTPFACQIAAEIWRAFGYEVKIDDDKGNCRLHVC,-6.899999999999995
112,32,K,CIEISVTTPFACQIAAEIWRAFGYEVKIDDDNKNCRLHVC,-8.7
113,33,K,CIEISVTTPFACQIAAEIWRAFGYEVKIDDDNGKCRLHVC,-7.799999999999997
114,34,K,CIEISVTTPFACQIAAEIWRAFGYEVKIDDDNGNKRLHVC,-7.799999999999997
115,35,K,CIEISVTTPFACQIAAEIWRAFGYEVKIDDDNGNCKLHVC,-6.299999999999994
116,36,K,CIEISVTTPFACQIAAEIWRAFGYEVKIDDDNGNCRKHVC,-7.799999999999997
117,37,K,CIEISVTTPFACQIAAEIWRAFGYEVKIDDDNGNCRLKVC,-6.299999999999994
118,38,K,CIEISVTTPFACQIAAEIWRAFGYEVKIDDDNGNCRLHKC,-7.199999999999996
119,39,K,CIEISVTTPFACQIAAEIWRAFGYEVKIDDDNGNCRLHVK,-5.699999999999992
120,0,D,DIEISVTTPFACQIAAEIWRAFGYEVKIDDDNGNCRLHVC,-7.4999999999999964
121,1,D,CDEISVTTPFACQIAAEIWRAFGYEVKIDDDNGNCRLHVC,-7.4999999999999964
122,2,D,CIDISVTTPFACQIAAEIWRAFGYEVKIDDDNGNCRLHVC,-7.199999999999996
123,3,D,CIEDSVTTPFACQIAAEIWRAFGYEVKIDDDNGNCRLHVC,-8.099999999999998
124,4,D,CIEIDVTTPFACQIAAEIWRAFGYEVKIDDDNGNCRLHVC,-7.4999999999999964
125,5,D,CIEISDTTPFACQIAAEIWRAFGYEVKIDDDNGNCRLHVC,-6.599999999999994
126,6,D,CIEISVDTPFACQIAAEIWRAFGYEVKIDDDNGNCRLHVC,-7.199999999999996
127,7,D,CIEISVTDPFACQIAAEIWRAFGYEVKIDDDNGNCRLHVC,-3.2999999999999865
128,8,D,CIEISVTTDFACQIAAEIWRAFGYEVKIDDDNGNCRLHVC,-6.899999999999995
129,9,D,CIEISVTTPDACQIAAEIWRAFGYEVKIDDDNGNCRLHVC,-3.2999999999999865
130,10,D,CIEISVTTPFDCQIAAEIWRAFGYEVKIDDDNGNCRLHVC,-3.599999999999987
131,11,D,CIEISVTTPFADQIAAEIWRAFGYEVKIDDDNGNCRLHVC,-5.699999999999992
132,12,D,CIEISVTTPFACDIAAEIWRAFGYEVKIDDDNGNCRLHVC,-7.4999999999999964
133,13,D,CIEISVTTPFACQDAAEIWRAFGYEVKIDDDNGNCRLHVC,-3.2999999999999865
134,14,D,CIEISVTTPFACQIDAEIWRAFGYEVKIDDDNGNCRLHVC,-3.2999999999999865
135,15,D,CIEISVTTPFACQIADEIWRAFGYEVKIDDDNGNCRLHVC,-7.4999999999999964
136,16,D,CIEISVTTPFACQIAADIWRAFGYEVKIDDDNGNCRLHVC,-7.199999999999996
137,17,D,CIEISVTTPFACQIAAEDWRAFGYEVKIDDDNGNCRLHVC,-3.2999999999999865
138,18,D,CIEISVTTPFACQIAAEIDRAFGYEVKIDDDNGNCRLHVC,-3.2999999999999865
139,19,D,CIEISVTTPFACQIAAEIWDAFGYEVKIDDDNGNCRLHVC,-7.4999999999999964
140,20,D,CIEISVTTPFACQIAAEIWRDFGYEVKIDDDNGNCRLHVC,-7.199999999999996
141,21,D,CIEISVTTPFACQIAAEIWRADGYEVKIDDDNGNCRLHVC,-4.199999999999989
142,22,D,CIEISVTTPFACQIAAEIWRAFDYEVKIDDDNGNCRLHVC,-7.4999999999999964
143,23,D,CIEISVTTPFACQIAAEIWRAFGDEVKIDDDNGNCRLHVC,-3.599999999999987
144,24,D,CIEISVTTPFACQIAAEIWRAFGYDVKIDDDNGNCRLHVC,-7.199999999999996
145,25,D,CIEISVTTPFACQIAAEIWRAFGYEDKIDDDNGNCRLHVC,-3.599999999999987
146,26,D,CIEISVTTPFACQIAAEIWRAFGYEVDIDDDNGNCRLHVC,-7.199999999999996
147,27,D,CIEISVTTPFACQIAAEIWRAFGYEVKDDDDNGNCRLHVC,-6.599999999999994
148,28,D,CIEISVTTPFACQIAAEIWRAFGYEVKIDDDNGNCRLHVC,-6.899999999999995
149,29,D,CIEISVTTPFACQIAAEIWRAFGYEVKIDDDNGNCRLHVC,-6.899999999999995
150,30,D,CIEISVTTPFACQIAAEIWRAFGYEVKIDDDNGNCRLHVC,-6.899999999999995
151,31,D,CIEISVTTPFACQIAAEIWRAFGYEVKIDDDDGNCRLHVC,-3.2999999999999865
152,32,D,CIEISVTTPFACQIAAEIWRAFGYEVKIDDDNDNCRLHVC,-7.199999999999996
153,33,D,CIEISVTTPFACQIAAEIWRAFGYEVKIDDDNGDCRLHVC,-7.4999999999999964
154,34,D,CIEISVTTPFACQIAAEIWRAFGYEVKIDDDNGNDRLHVC,-5.3999999999999915
155,35,D,CIEISVTTPFACQIAAEIWRAFGYEVKIDDDNGNCDLHVC,-5.699999999999992
156,36,D,CIEISVTTPFACQIAAEIWRAFGYEVKIDDDNGNCRDHVC,-8.099999999999998
157,37,D,CIEISVTTPFACQIAAEIWRAFGYEVKIDDDNGNCRLDVC,-7.199999999999996
158,38,D,CIEISVTTPFACQIAAEIWRAFGYEVKIDDDNGNCRLHDC,-6.899999999999995
159,39,D,CIEISVTTPFACQIAAEIWRAFGYEVKIDDDNGNCRLHVD,-6.899999999999995
160,0,E,EIEISVTTPFACQIAAEIWRAFGYEVKIDDDNGNCRLHVC,-6.899999999999995
161,1,E,CEEISVTTPFACQIAAEIWRAFGYEVKIDDDNGNCRLHVC,-7.4999999999999964
162,2,E,CIEISVTTPFACQIAAEIWRAFGYEVKIDDDNGNCRLHVC,-6.899999999999995
163,3,E,CIEESVTTPFACQIAAEIWRAFGYEVKIDDDNGNCRLHVC,-7.4999999999999964
164,4,E,CIEIEVTTPFACQIAAEIWRAFGYEVKIDDDNGNCRLHVC,-5.3999999999999915
165,5,E,CIEISETTPFACQIAAEIWRAFGYEVKIDDDNGNCRLHVC,-7.199999999999996
166,6,E,CIEISVETPFACQIAAEIWRAFGYEVKIDDDNGNCRLHVC,-7.4999999999999964
167,7,E,CIEISVTEPFACQIAAEIWRAFGYEVKIDDDNGNCRLHVC,-6.899999999999995
168,8,E,CIEISVTTEFACQIAAEIWRAFGYEVKIDDDNGNCRLHVC,-7.4999999999999964
169,9,E,CIEISVTTPEACQIAAEIWRAFGYEVKIDDDNGNCRLHVC,-3.599999999999987
170,10,E,CIEISVTTPFECQIAAEIWRAFGYEVKIDDDNGNCRLHVC,-3.2999999999999865
171,11,E,CIEISVTTPFAEQIAAEIWRAFGYEVKIDDDNGNCRLHVC,-4.79999999999999
172,12,E,CIEISVTTPFACEIAAEIWRAFGYEVKIDDDNGNCRLHVC,-7.4999999999999964
173,13,E,CIEISVTTPFACQEAAEIWRAFGYEVKIDDDNGNCRLHVC,-3.2999999999999865
174,14,E,CIEISVTTPFACQIEAEIWRAFGYEVKIDDDNGNCRLHVC,-3.599999999999987
175,15,E,CIEISVTTPFACQIAEEIWRAFGYEVKIDDDNGNCRLHVC,-6.599999999999994
176,16,E,CIEISVTTPFACQIAAEIWRAFGYEVKIDDDNGNCRLHVC,-6.899999999999995
177,17,E,CIEISVTTPFACQIAAEEWRAFGYEVKIDDDNGNCRLHVC,-3.2999999999999865
178,18,E,CIEISVTTPFACQIAAEIERAFGYEVKIDDDNGNCRLHVC,-7.4999999999999964
179,19,E,CIEISVTTPFACQIAAEIWEAFGYEVKIDDDNGNCRLHVC,-7.799999999999997
180,20,E,CIEISVTTPFACQIAAEIWREFGYEVKIDDDNGNCRLHVC,-7.199999999999996
181,21,E,CIEISVTTPFACQIAAEIWRAEGYEVKIDDDNGNCRLHVC,-3.599999999999987
182,22,E,CIEISVTTPFACQIAAEIWRAFEYEVKIDDDNGNCRLHVC,-6.899999999999995
183,23,E,CIEISVTTPFACQIAAEIWRAFGEEVKIDDDNGNCRLHVC,-3.2999999999999865
184,24,E,CIEISVTTPFACQIAAEIWRAFGYEVKIDDDNGNCRLHVC,-6.899999999999995
185,25,E,CIEISVTTPFACQIAAEIWRAFGYEEKIDDDNGNCRLHVC,-3.2999999999999865
186,26,E,CIEISVTTPFACQIAAEIWRAFGYEVEIDDDNGNCRLHVC,-7.4999999999999964
187,27,E,CIEISVTTPFACQIAAEIWRAFGYEVKEDDDNGNCRLHVC,-7.4999999999999964
188,28,E,CIEISVTTPFACQIAAEIWRAFGYEVKIEDDNGNCRLHVC,-8.099999999999998
189,29,E,CIEISVTTPFACQIAAEIWRAFGYEVKIDEDNGNCRLHVC,-7.4999999999999964
190,30,E,CIEISVTTPFACQIAAEIWRAFGYEVKIDDENGNCRLHVC,-7.4999999999999964
191,31,E,CIEISVTTPFACQIAAEIWRAFGYEVKIDDDEGNCRLHVC,-7.199999999999996
192,32,E,CIEISVTTPFACQIAAEIWRAFGYEVKIDDDNENCRLHVC,-7.199999999999996
193,33,E,CIEISVTTPFACQIAAEIWRAFGYEVKIDDDNGECRLHVC,-6.899999999999995
194,34,E,CIEISVTTPFACQIAAEIWRAFGYEVKIDDDNGNERLHVC,-7.199999999999996
195,35,E,CIEISVTTPFACQIAAEIWRAFGYEVKIDDDNGNCELHVC,-7.799999999999997
196,36,E,CIEISVTTPFACQIAAEIWRAFGYEVKIDDDNGNCREHVC,-7.199999999999996
197,37,E,CIEISVTTPFACQIAAEIWRAFGYEVKIDDDNGNCRLEVC,-7.4999999999999964
198,38,E,CIEISVTTPFACQIAAEIWRAFGYEVKIDDDNGNCRLHEC,-7.199999999999996
199,39,E,CIEISVTTPFACQIAAEIWRAFGYEVKIDDDNGNCRLHVE,-5.999999999999993
200,0,S,SIEISVTTPFACQIAAEIWRAFGYEVKIDDDNGNCRLHVC,-6.599999999999994
201,1,S,CSEISVTTPFACQIAAEIWRAFGYEVKIDDDNGNCRLHVC,-7.199999999999996
202,2,S,CISISVTTPFACQIAAEIWRAFGYEVKIDDDNGNCRLHVC,-7.199999999999996
203,3,S,CIESSVTTPFACQIAAEIWRAFGYEVKIDDDNGNCRLHVC,-7.199999999999996
204,4,S,CIEISVTTPFACQIAAEIWRAFGYEVKIDDDNGNCRLHVC,-6.899999999999995
205,5,S,CIEISSTTPFACQIAAEIWRAFGYEVKIDDDNGNCRLHVC,-8.099999999999998
206,6,S,CIEISVSTPFACQIAAEIWRAFGYEVKIDDDNGNCRLHVC,-7.4999999999999964
207,7,S,CIEISVTSPFACQIAAEIWRAFGYEVKIDDDNGNCRLHVC,-6.899999999999995
208,8,S,CIEISVTTSFACQIAAEIWRAFGYEVKIDDDNGNCRLHVC,-7.199999999999996
209,9,S,CIEISVTTPSACQIAAEIWRAFGYEVKIDDDNGNCRLHVC,-5.3999999999999915
210,10,S,CIEISVTTPFSCQIAAEIWRAFGYEVKIDDDNGNCRLHVC,-5.999999999999993
211,11,S,CIEISVTTPFASQIAAEIWRAFGYEVKIDDDNGNCRLHVC,-6.599999999999994
212,12,S,CIEISVTTPFACSIAAEIWRAFGYEVKIDDDNGNCRLHVC,-7.199999999999996
213,13,S,CIEISVTTPFACQSAAEIWRAFGYEVKIDDDNGNCRLHVC,-7.4999999999999964
214,14,S,CIEISVTTPFACQISAEIWRAFGYEVKIDDDNGNCRLHVC,-6.899999999999995
215,15,S,CIEISVTTPFACQIASEIWRAFGYEVKIDDDNGNCRLHVC,-7.199999999999996
216,16,S,CIEISVTTPFACQIAASIWRAFGYEVKIDDDNGNCRLHVC,-7.4999999999999964
217,17,S,CIEISVTTPFACQIAAESWRAFGYEVKIDDDNGNCRLHVC,-3.599999999999987
218,18,S,CIEISVTTPFACQIAAEISRAFGYEVKIDDDNGNCRLHVC,-6.899999999999995
219,19,S,CIEISVTTPFACQIAAEIWSAFGYEVKIDDDNGNCRLHVC,-7.4999999999999964
220,20,S,CIEISVTTPFACQIAAEIWRSFGYEVKIDDDNGNCRLHVC,-5.999999999999993
221,21,S,CIEISVTTPFACQIAAEIWRASGYEVKIDDDNGNCRLHVC,-3.599999999999987
222,22,S,CIEISVTTPFACQIAAEIWRAFSYEVKIDDDNGNCRLHVC,-7.199999999999996
223,23,S,CIEISVTTPFACQIAAEIWRAFGSEVKIDDDNGNCRLHVC,-6.299999999999994
224,24,S,CIEISVTTPFACQIAAEIWRAFGYSVKIDDDNGNCRLHVC,-7.799999999999997
225,25,S,CIEISVTTPFACQIAAEIWRAFGYESKIDDDNGNCRLHVC,-3.2999999999999865
226,26,S,CIEISVTTPFACQIAAEIWRAFGYEVSIDDDNGNCRLHVC,-6.599999999999994
227,27,S,CIEISVTTPFACQIAAEIWRAFGYEVKSDDDNGNCRLHVC,-5.099999999999991
228,28,S,CIEISVTTPFACQIAAEIWRAFGYEVKISDDNGNCRLHVC,-7.199999999999996
229,29,S,CIEISVTTPFACQIAAEIWRAFGYEVKIDSDNGNCRLHVC,-6.899999999999995
230,30,S,CIEISVTTPFACQIAAEIWRAFGYEVKIDDSNGNCRLHVC,-7.4999999999999964
231,31,S,CIEISVTTPFACQIAAEIWRAFGYEVKIDDDSGNCRLHVC,-7.199999999999996
232,32,S,CIEISVTTPFACQIAAEIWRAFGYEVKIDDDNSNCRLHVC,-6.899999999999995
233,33,S,CIEISVTTPFACQIAAEIWRAFGYEVKIDDDNGSCRLHVC,-7.4999999999999964
234,34,S,CIEISVTTPFACQIAAEIWRAFGYEVKIDDDNGNSRLHVC,-7.199999999999996
235,35,S,CIEISVTTPFACQIAAEIWRAFGYEVKIDDDNGNCSLHVC,-7.199999999999996
236,36,S,CIEISVTTPFACQIAAEIWRAFGYEVKIDDDNGNCRSHVC,-6.599999999999994
237,37,S,CIEISVTTPFACQIAAEIWRAFGYEVKIDDDNGNCRLSVC,-6.899999999999995
238,38,S,CIEISVTTPFACQIAAEIWRAFGYEVKIDDDNGNCRLHSC,-6.599999999999994
239,39,S,CIEISVTTPFACQIAAEIWRAFGYEVKIDDDNGNCRLHVS,-7.4999999999999964
240,0,T,TIEISVTTPFACQIAAEIWRAFGYEVKIDDDNGNCRLHVC,-5.3999999999999915
241,1,T,CTEISVTTPFACQIAAEIWRAFGYEVKIDDDNGNCRLHVC,-6.899999999999995
242,2,T,CITISVTTPFACQIAAEIWRAFGYEVKIDDDNGNCRLHVC,-7.4999999999999964
243,3,T,CIETSVTTPFACQIAAEIWRAFGYEVKIDDDNGNCRLHVC,-8.399999999999999
244,4,T,CIEITVTTPFACQIAAEIWRAFGYEVKIDDDNGNCRLHVC,-7.199999999999996
245,5,T,CIEISTTTPFACQIAAEIWRAFGYEVKIDDDNGNCRLHVC,-7.799999999999997
246,6,T,CIEISVTTPFACQIAAEIWRAFGYEVKIDDDNGNCRLHVC,-6.899999999999995
247,7,T,CIEISVTTPFACQIAAEIWRAFGYEVKIDDDNGNCRLHVC,-6.899999999999995
248,8,T,CIEISVTTTFACQIAAEIWRAFGYEVKIDDDNGNCRLHVC,-7.4999999999999964
249,9,T,CIEISVTTPTACQIAAEIWRAFGYEVKIDDDNGNCRLHVC,-6.899999999999995
250,10,T,CIEISVTTPFTCQIAAEIWRAFGYEVKIDDDNGNCRLHVC,-6.599999999999994
251,11,T,CIEISVTTPFATQIAAEIWRAFGYEVKIDDDNGNCRLHVC,-7.4999999999999964
252,12,T,CIEISVTTPFACTIAAEIWRAFGYEVKIDDDNGNCRLHVC,-7.4999999999999964
253,13,T,CIEISVTTPFACQTAAEIWRAFGYEVKIDDDNGNCRLHVC,-7.799999999999997
254,14,T,CIEISVTTPFACQITAEIWRAFGYEVKIDDDNGNCRLHVC,-3.899999999999988
255,15,T,CIEISVTTPFACQIATEIWRAFGYEVKIDDDNGNCRLHVC,-6.899999999999995
256,16,T,CIEISVTTPFACQIAATIWRAFGYEVKIDDDNGNCRLHVC,-6.899999999999995
257,17,T,CIEISVTTPFACQIAAETWRAFGYEVKIDDDNGNCRLHVC,-3.899999999999988
258,18,T,CIEISVTTPFACQIAAEITRAFGYEVKIDDDNGNCRLHVC,-4.199999999999989
259,19,T,CIEISVTTPFACQIAAEIWTAFGYEVKIDDDNGNCRLHVC,-6.899999999999995
260,20,T,CIEISVTTPFACQIAAEIWRTFGYEVKIDDDNGNCRLHVC,-6.599999999999994
261,21,T,CIEISVTTPFACQIAAEIWRATGYEVKIDDDNGNCRLHVC,-3.2999999999999865
262,22,T,CIEISVTTPFACQIAAEIWRAFTYEVKIDDDNGNCRLHVC,-7.199999999999996
263,23,T,CIEISVTTPFACQIAAEIWRAFGTEVKIDDDNGNCRLHVC,-3.599999999999987
264,24,T,CIEISVTTPFACQIAAEIWRAFGYTVKIDDDNGNCRLHVC,-6.599999999999994
265,25,T,CIEISVTTPFACQIAAEIWRAFGYETKIDDDNGNCRLHVC,-6.599999999999994
266,26,T,CIEISVTTPFACQIAAEIWRAFGYEVTIDDDNGNCRLHVC,-6.899999999999995
267,27,T,CIEISVTTPFACQIAAEIWRAFGYEVKTDDDNGNCRLHVC,-6.899999999999995
268,28,T,CIEISVTTPFACQIAAEIWRAFGYEVKITDDNGNCRLHVC,-8.099999999999998
269,29,T,CIEISVTTPFACQIAAEIWRAFGYEVKIDTDNGNCRLHVC,-7.199999999999996
270,30,T,CIEISVTTPFACQIAAEIWRAFGYEVKIDDTNGNCRLHVC,-7.4999999999999964
271,31,T,CIEISVTTPFACQIAAEIWRAFGYEVKIDDDTGNCRLHVC,-6.899999999999995
272,32,T,CIEISVTTPFACQIAAEIWRAFGYEVKIDDDNTNCRLHVC,-6.899999999999995
273,33,T,CIEISVTTPFACQIAAEIWRAFGYEVKIDDDNGTCRLHVC,-7.4999999999999964
274,34,T,CIEISVTTPFACQIAAEIWRAFGYEVKIDDDNGNTRLHVC,-7.199999999999996
275,35,T,CIEISVTTPFACQIAAEIWRAFGYEVKIDDDNGNCTLHVC,-7.799999999999997
276,36,T,CIEISVTTPFACQIAAEIWRAFGYEVKIDDDNGNCRTHVC,-7.799999999999997
277,37,T,CIEISVTTPFACQIAAEIWRAFGYEVKIDDDNGNCRLTVC,-7.199999999999996
278,38,T,CIEISVTTPFACQIAAEIWRAFGYEVKIDDDNGNCRLHTC,-7.199999999999996
279,39,T,CIEISVTTPFACQIAAEIWRAFGYEVKIDDDNGNCRLHVT,-3.599999999999987
280,0,N,NIEISVTTPFACQIAAEIWRAFGYEVKIDDDNGNCRLHVC,-7.4999999999999964
281,1,N,CNEISVTTPFACQIAAEIWRAFGYEVKIDDDNGNCRLHVC,-7.799999999999997
282,2,N,CINISVTTPFACQIAAEIWRAFGYEVKIDDDNGNCRLHVC,-7.4999999999999964
283,3,N,CIENSVTTPFACQIAAEIWRAFGYEVKIDDDNGNCRLHVC,-7.4999999999999964
284,4,N,CIEINVTTPFACQIAAEIWRAFGYEVKIDDDNGNCRLHVC,-8.099999999999998
285,5,N,CIEISNTTPFACQIAAEIWRAFGYEVKIDDDNGNCRLHVC,-7.4999999999999964
286,6,N,CIEISVNTPFACQIAAEIWRAFGYEVKIDDDNGNCRLHVC,-7.4999999999999964
287,7,N,CIEISVTNPFACQIAAEIWRAFGYEVKIDDDNGNCRLHVC,-6.899999999999995
288,8,N,CIEISVTTNFACQIAAEIWRAFGYEVKIDDDNGNCRLHVC,-6.899999999999995
289,9,N,CIEISVTTPNACQIAAEIWRAFGYEVKIDDDNGNCRLHVC,-4.199999999999989
290,10,N,CIEISVTTPFNCQIAAEIWRAFGYEVKIDDDNGNCRLHVC,-3.599999999999987
291,11,N,CIEISVTTPFANQIAAEIWRAFGYEVKIDDDNGNCRLHVC,-6.899999999999995
292,12,N,CIEISVTTPFACNIAAEIWRAFGYEVKIDDDNGNCRLHVC,-7.199999999999996
293,13,N,CIEISVTTPFACQNAAEIWRAFGYEVKIDDDNGNCRLHVC,-6.299999999999994
294,14,N,CIEISVTTPFACQINAEIWRAFGYEVKIDDDNGNCRLHVC,-5.699999999999992
295,15,N,CIEISVTTPFACQIANEIWRAFGYEVKIDDDNGNCRLHVC,-5.099999999999991
296,16,N,CIEISVTTPFACQIAANIWRAFGYEVKIDDDNGNCRLHVC,-6.599999999999994
297,17,N,CIEISVTTPFACQIAAENWRAFGYEVKIDDDNGNCRLHVC,-3.899999999999988
298,18,N,CIEISVTTPFACQIAAEINRAFGYEVKIDDDNGNCRLHVC,-7.199999999999996
299,19,N,CIEISVTTPFACQIAAEIWNAFGYEVKIDDDNGNCRLHVC,-6.899999999999995
300,20,N,CIEISVTTPFACQIAAEIWRNFGYEVKIDDDNGNCRLHVC,-7.799999999999997
301,21,N,CIEISVTTPFACQIAAEIWRANGYEVKIDDDNGNCRLHVC,-3.2999999999999865
302,22,N,CIEISVTTPFACQIAAEIWRAFNYEVKIDDDNGNCRLHVC,-7.799999999999997
303,23,N,CIEISVTTPFACQIAAEIWRAFGNEVKIDDDNGNCRLHVC,-7.4999999999999964
304,24,N,CIEISVTTPFACQIAAEIWRAFGYNVKIDDDNGNCRLHVC,-7.199999999999996
305,25,N,CIEISVTTPFACQIAAEIWRAFGYENKIDDDNGNCRLHVC,-3.599999999999987
306,26,N,CIEISVTTPFACQIAAEIWRAFGYEVNIDDDNGNCRLHVC,-7.799999999999997
307,27,N,CIEISVTTPFACQIAAEIWRAFGYEVKNDDDNGNCRLHVC,-5.999999999999993
308,28,N,CIEISVTTPFACQIAAEIWRAFGYEVKINDDNGNCRLHVC,-7.199999999999996
309,29,N,CIEISVTTPFACQIAAEIWRAFGYEVKIDNDNGNCRLHVC,-7.199999999999996
310,30,N,CIEISVTTPFACQIAAEIWRAFGYEVKIDDNNGNCRLHVC,-6.899999999999995
311,31,N,CIEISVTTPFACQIAAEIWRAFGYEVKIDDDNGNCRLHVC,-6.899999999999995
312,32,N,CIEISVTTPFACQIAAEIWRAFGYEVKIDDDNNNCRLHVC,-7.199999999999996
313,33,N,CIEISVTTPFACQIAAEIWRAFGYEVKIDDDNGNCRLHVC,-6.899999999999995
314,34,N,CIEISVTTPFACQIAAEIWRAFGYEVKIDDDNGNNRLHVC,-7.799999999999997
315,35,N,CIEISVTTPFACQIAAEIWRAFGYEVKIDDDNGNCNLHVC,-7.199999999999996
316,36,N,CIEISVTTPFACQIAAEIWRAFGYEVKIDDDNGNCRNHVC,-7.199999999999996
317,37,N,CIEISVTTPFACQIAAEIWRAFGYEVKIDDDNGNCRLNVC,-7.199999999999996
318,38,N,CIEISVTTPFACQIAAEIWRAFGYEVKIDDDNGNCRLHNC,-7.799999999999997
319,39,N,CIEISVTTPFACQIAAEIWRAFGYEVKIDDDNGNCRLHVN,-6.599999999999994
320,0,Q,QIEISVTTPFACQIAAEIWRAFGYEVKIDDDNGNCRLHVC,-7.199999999999996
321,1,Q,CQEISVTTPFACQIAAEIWRAFGYEVKIDDDNGNCRLHVC,-8.099999999999998
322,2,Q,CIQISVTTPFACQIAAEIWRAFGYEVKIDDDNGNCRLHVC,-7.799999999999997
323,3,Q,CIEQSVTTPFACQIAAEIWRAFGYEVKIDDDNGNCRLHVC,-7.4999999999999964
324,4,Q,CIEIQVTTPFACQIAAEIWRAFGYEVKIDDDNGNCRLHVC,-7.4999999999999964
325,5,Q,CIEISQTTPFACQIAAEIWRAFGYEVKIDDDNGNCRLHVC,-7.4999999999999964
326,6,Q,CIEISVQTPFACQIAAEIWRAFGYEVKIDDDNGNCRLHVC,-7.4999999999999964
327,7,Q,CIEISVTQPFACQIAAEIWRAFGYEVKIDDDNGNCRLHVC,-6.899999999999995
328,8,Q,CIEISVTTQFACQIAAEIWRAFGYEVKIDDDNGNCRLHVC,-6.899999999999995
329,9,Q,CIEISVTTPQACQIAAEIWRAFGYEVKIDDDNGNCRLHVC,-7.199999999999996
330,10,Q,CIEISVTTPFQCQIAAEIWRAFGYEVKIDDDNGNCRLHVC,-5.099999999999991
331,11,Q,CIEISVTTPFAQQIAAEIWRAFGYEVKIDDDNGNCRLHVC,-6.899999999999995
332,12,Q,CIEISVTTPFACQIAAEIWRAFGYEVKIDDDNGNCRLHVC,-6.899999999999995
333,13,Q,CIEISVTTPFACQQAAEIWRAFGYEVKIDDDNGNCRLHVC,-6.299999999999994
334,14,Q,CIEISVTTPFACQIQAEIWRAFGYEVKIDDDNGNCRLHVC,-7.199999999999996
335,15,Q,CIEISVTTPFACQIAQEIWRAFGYEVKIDDDNGNCRLHVC,-5.3999999999999915
336,16,Q,CIEISVTTPFACQIAAQIWRAFGYEVKIDDDNGNCRLHVC,-7.4999999999999964
337,17,Q,CIEISVTTPFACQIAAEQWRAFGYEVKIDDDNGNCRLHVC,-3.2999999999999865
338,18,Q,CIEISVTTPFACQIAAEIQRAFGYEVKIDDDNGNCRLHVC,-3.599999999999987
339,19,Q,CIEISVTTPFACQIAAEIWQAFGYEVKIDDDNGNCRLHVC,-7.199999999999996
340,20,Q,CIEISVTTPFACQIAAEIWRQFGYEVKIDDDNGNCRLHVC,-7.4999999999999964
341,21,Q,CIEISVTTPFACQIAAEIWRAQGYEVKIDDDNGNCRLHVC,-3.2999999999999865
342,22,Q,CIEISVTTPFACQIAAEIWRAFQYEVKIDDDNGNCRLHVC,-7.199999999999996
343,23,Q,CIEISVTTPFACQIAAEIWRAFGQEVKIDDDNGNCRLHVC,-3.599999999999987
344,24,Q,CIEISVTTPFACQIAAEIWRAFGYQVKIDDDNGNCRLHVC,-7.4999999999999964
345,25,Q,CIEISVTTPFACQIAAEIWRAFGYEQKIDDDNGNCRLHVC,-3.2999999999999865
346,26,Q,CIEISVTTPFACQIAAEIWRAFGYEVQIDDDNGNCRLHVC,-7.199999999999996
347,27,Q,CIEISVTTPFACQIAAEIWRAFGYEVKQDDDNGNCRLHVC,-7.4999999999999964
348,28,Q,CIEISVTTPFACQIAAEIWRAFGYEVKIQDDNGNCRLHVC,-8.099999999999998
349,29,Q,CIEISVTTPFACQIAAEIWRAFGYEVKIDQDNGNCRLHVC,-7.4999999999999964
350,30,Q,CIEISVTTPFACQIAAEIWRAFGYEVKIDDQNGNCRLHVC,-7.199999999999996
351,31,Q,CIEISVTTPFACQIAAEIWRAFGYEVKIDDDQGNCRLHVC,-6.899999999999995
352,32,Q,CIEISVTTPFACQIAAEIWRAFGYEVKIDDDNQNCRLHVC,-7.199999999999996
353,33,Q,CIEISVTTPFACQIAAEIWRAFGYEVKIDDDNGQCRLHVC,-6.899999999999995
354,34,Q,CIEISVTTPFACQIAAEIWRAFGYEVKIDDDNGNQRLHVC,-6.599999999999994
355,35,Q,CIEISVTTPFACQIAAEIWRAFGYEVKIDDDNGNCQLHVC,-6.899999999999995
356,36,Q,CIEISVTTPFACQIAAEIWRAFGYEVKIDDDNGNCRQHVC,-7.199999999999996
357,37,Q,CIEISVTTPFACQIAAEIWRAFGYEVKIDDDNGNCRLQVC,-7.199999999999996
358,38,Q,CIEISVTTPFACQIAAEIWRAFGYEVKIDDDNGNCRLHQC,-7.4999999999999964
359,39,Q,CIEISVTTPFACQIAAEIWRAFGYEVKIDDDNGNCRLHVQ,-5.999999999999993
360,0,C,CIEISVTTPFACQIAAEIWRAFGYEVKIDDDNGNCRLHVC,-6.899999999999995
361,1,C,CCEISVTTPFACQIAAEIWRAFGYEVKIDDDNGNCRLHVC,-7.199999999999996
362,2,C,CICISVTTPFACQIAAEIWRAFGYEVKIDDDNGNCRLHVC,-5.699999999999992
363,3,C,CIECSVTTPFACQIAAEIWRAFGYEVKIDDDNGNCRLHVC,-7.199999999999996
364,4,C,CIEICVTTPFACQIAAEIWRAFGYEVKIDDDNGNCRLHVC,-7.199999999999996
365,5,C,CIEISCTTPFACQIAAEIWRAFGYEVKIDDDNGNCRLHVC,-7.799999999999997
366,6,C,CIEISVCTPFACQIAAEIWRAFGYEVKIDDDNGNCRLHVC,-5.699999999999992
367,7,C,CIEISVTCPFACQIAAEIWRAFGYEVKIDDDNGNCRLHVC,-3.599999999999987
368,8,C,CIEISVTTCFACQIAAEIWRAFGYEVKIDDDNGNCRLHVC,-7.4999999999999964
369,9,C,CIEISVTTPCACQIAAEIWRAFGYEVKIDDDNGNCRLHVC,-3.2999999999999865
370,10,C,CIEISVTTPFCCQIAAEIWRAFGYEVKIDDDNGNCRLHVC,-3.2999999999999865
371,11,C,CIEISVTTPFACQIAAEIWRAFGYEVKIDDDNGNCRLHVC,-6.899999999999995
372,12,C,CIEISVTTPFACCIAAEIWRAFGYEVKIDDDNGNCRLHVC,-6.299999999999994
373,13,C,CIEISVTTPFACQCAAEIWRAFGYEVKIDDDNGNCRLHVC,-6.299999999999994
374,14,C,CIEISVTTPFACQICAEIWRAFGYEVKIDDDNGNCRLHVC,-5.099999999999991
375,15,C,CIEISVTTPFACQIACEIWRAFGYEVKIDDDNGNCRLHVC,-7.199999999999996
376,16,C,CIEISVTTPFACQIAACIWRAFGYEVKIDDDNGNCRLHVC,-3.599999999999987
377,17,C,CIEISVTTPFACQIAAECWRAFGYEVKIDDDNGNCRLHVC,-3.2999999999999865
378,18,C,CIEISVTTPFACQIAAEICRAFGYEVKIDDDNGNCRLHVC,-5.3999999999999915
379,19,C,CIEISVTTPFACQIAAEIWCAFGYEVKIDDDNGNCRLHVC,-6.899999999999995
380,20,C,CIEISVTTPFACQIAAEIWRCFGYEVKIDDDNGNCRLHVC,-6.899999999999995
381,21,C,CIEISVTTPFACQIAAEIWRACGYEVKIDDDNGNCRLHVC,-3.2999999999999865
382,22,C,CIEISVTTPFACQIAAEIWRAFCYEVKIDDDNGNCRLHVC,-6.299999999999994
383,23,C,CIEISVTTPFACQIAAEIWRAFGCEVKIDDDNGNCRLHVC,-3.899999999999988
384,24,C,CIEISVTTPFACQIAAEIWRAFGYCVKIDDDNGNCRLHVC,-7.4999999999999964
385,25,C,CIEISVTTPFACQIAAEIWRAFGYECKIDDDNGNCRLHVC,-6.899999999999995
386,26,C,CIEISVTTPFACQIAAEIWRAFGYEVCIDDDNGNCRLHVC,-6.899999999999995
387,27,C,CIEISVTTPFACQIAAEIWRAFGYEVKCDDDNGNCRLHVC,-6.899999999999995
388,28,C,CIEISVTTPFACQIAAEIWRAFGYEVKICDDNGNCRLHVC,-7.199999999999996
389,29,C,CIEISVTTPFACQIAAEIWRAFGYEVKIDCDNGNCRLHVC,-7.4999999999999964
390,30,C,CIEISVTTPFACQIAAEIWRAFGYEVKIDDCNGNCRLHVC,-6.899999999999995
391,31,C,CIEISVTTPFACQIAAEIWRAFGYEVKIDDDCGNCRLHVC,-7.199999999999996
392,32,C,CIEISVTTPFACQIAAEIWRAFGYEVKIDDDNCNCRLHVC,-6.299999999999994
393,33,C,CIEISVTTPFACQIAAEIWRAFGYEVKIDDDNGCCRLHVC,-7.199999999999996
394,34,C,CIEISVTTPFACQIAAEIWRAFGYEVKIDDDNGNCRLHVC,-6.899999999999995
395,35,C,CIEISVTTPFACQIAAEIWRAFGYEVKIDDDNGNCCLHVC,-6.299999999999994
396,36,C,CIEISVTTPFACQIAAEIWRAFGYEVKIDDDNGNCRCHVC,-7.199999999999996
397,37,C,CIEISVTTPFACQIAAEIWRAFGYEVKIDDDNGNCRLCVC,-6.899999999999995
398,38,C,CIEISVTTPFACQIAAEIWRAFGYEVKIDDDNGNCRLHCC,-6.599999999999994
399,39,C,CIEISVTTPFACQIAAEIWRAFGYEVKIDDDNGNCRLHVC,-6.899999999999995
400,0,G,GIEISVTTPFACQIAAEIWRAFGYEVKIDDDNGNCRLHVC,-7.4999999999999964
401,1,G,CGEISVTTPFACQIAAEIWRAFGYEVKIDDDNGNCRLHVC,-7.199999999999996
402,2,G,CIGISVTTPFACQIAAEIWRAFGYEVKIDDDNGNCRLHVC,-7.199999999999996
403,3,G,CIEGSVTTPFACQIAAEIWRAFGYEVKIDDDNGNCRLHVC,-7.4999999999999964
404,4,G,CIEIGVTTPFACQIAAEIWRAFGYEVKIDDDNGNCRLHVC,-7.199999999999996
405,5,G,CIEISGTTPFACQIAAEIWRAFGYEVKIDDDNGNCRLHVC,-7.199999999999996
406,6,G,CIEISVGTPFACQIAAEIWRAFGYEVKIDDDNGNCRLHVC,-7.799999999999997
407,7,G,CIEISVTGPFACQIAAEIWRAFGYEVKIDDDNGNCRLHVC,-8.399999999999999
408,8,G,CIEISVTTGFACQIAAEIWRAFGYEVKIDDDNGNCRLHVC,-7.4999999999999964
409,9,G,CIEISVTTPGACQIAAEIWRAFGYEVKIDDDNGNCRLHVC,-3.2999999999999865
410,10,G,CIEISVTTPFGCQIAAEIWRAFGYEVKIDDDNGNCRLHVC,-7.799999999999997
411,11,G,CIEISVTTPFAGQIAAEIWRAFGYEVKIDDDNGNCRLHVC,-7.799999999999997
412,12,G,CIEISVTTPFACGIAAEIWRAFGYEVKIDDDNGNCRLHVC,-7.4999999999999964
413,13,G,CIEISVTTPFACQGAAEIWRAFGYEVKIDDDNGNCRLHVC,-3.899999999999988
414,14,G,CIEISVTTPFACQIGAEIWRAFGYEVKIDDDNGNCRLHVC,-7.4999999999999964
415,15,G,CIEISVTTPFACQIAGEIWRAFGYEVKIDDDNGNCRLHVC,-7.4999999999999964
416,16,G,CIEISVTTPFACQIAAGIWRAFGYEVKIDDDNGNCRLHVC,-7.199999999999996
417,17,G,CIEISVTTPFACQIAAEGWRAFGYEVKIDDDNGNCRLHVC,-3.2999999999999865
418,18,G,CIEISVTTPFACQIAAEIGRAFGYEVKIDDDNGNCRLHVC,-3.599999999999987
419,19,G,CIEISVTTPFACQIAAEIWGAFGYEVKIDDDNGNCRLHVC,-6.899999999999995
420,20,G,CIEISVTTPFACQIAAEIWRGFGYEVKIDDDNGNCRLHVC,-7.4999999999999964
421,21,G,CIEISVTTPFACQIAAEIWRAGGYEVKIDDDNGNCRLHVC,-3.2999999999999865
422,22,G,CIEISVTTPFACQIAAEIWRAFGYEVKIDDDNGNCRLHVC,-6.899999999999995
423,23,G,CIEISVTTPFACQIAAEIWRAFGGEVKIDDDNGNCRLHVC,-3.599999999999987
424,24,G,CIEISVTTPFACQIAAEIWRAFGYGVKIDDDNGNCRLHVC,-7.199999999999996
425,25,G,CIEISVTTPFACQIAAEIWRAFGYEGKIDDDNGNCRLHVC,-3.2999999999999865
426,26,G,CIEISVTTPFACQIAAEIWRAFGYEVGIDDDNGNCRLHVC,-7.199999999999996
427,27,G,CIEISVTTPFACQIAAEIWRAFGYEVKGDDDNGNCRLHVC,-7.199999999999996
428,28,G,CIEISVTTPFACQIAAEIWRAFGYEVKIGDDNGNCRLHVC,-5.999999999999993
429,29,G,CIEISVTTPFACQIAAEIWRAFGYEVKIDGDNGNCRLHVC,-6.899999999999995
430,30,G,CIEISVTTPFACQIAAEIWRAFGYEVKIDDGNGNCRLHVC,-7.199999999999996
431,31,G,CIEISVTTPFACQIAAEIWRAFGYEVKIDDDGGNCRLHVC,-6.899999999999995
432,32,G,CIEISVTTPFACQIAAEIWRAFGYEVKIDDDNGNCRLHVC,-6.899999999999995
433,33,G,CIEISVTTPFACQIAAEIWRAFGYEVKIDDDNGGCRLHVC,-7.199999999999996
434,34,G,CIEISVTTPFACQIAAEIWRAFGYEVKIDDDNGNGRLHVC,-7.199999999999996
435,35,G,CIEISVTTPFACQIAAEIWRAFGYEVKIDDDNGNCGLHVC,-8.099999999999998
436,36,G,CIEISVTTPFACQIAAEIWRAFGYEVKIDDDNGNCRGHVC,-8.099999999999998
437,37,G,CIEISVTTPFACQIAAEIWRAFGYEVKIDDDNGNCRLGVC,-3.599999999999987
438,38,G,CIEISVTTPFACQIAAEIWRAFGYEVKIDDDNGNCRLHGC,-6.899999999999995
439,39,G,CIEISVTTPFACQIAAEIWRAFGYEVKIDDDNGNCRLHVG,-6.599999999999994
440,0,P,PIEISVTTPFACQIAAEIWRAFGYEVKIDDDNGNCRLHVC,-7.4999999999999964
441,1,P,CPEISVTTPFACQIAAEIWRAFGYEVKIDDDNGNCRLHVC,-8.099999999999998
442,2,P,CIPISVTTPFACQIAAEIWRAFGYEVKIDDDNGNCRLHVC,-7.199999999999996
443,3,P,CIEPSVTTPFACQIAAEIWRAFGYEVKIDDDNGNCRLHVC,-8.099999999999998
444,4,P,CIEIPVTTPFACQIAAEIWRAFGYEVKIDDDNGNCRLHVC,-7.799999999999997
445,5,P,CIEISPTTPFACQIAAEIWRAFGYEVKIDDDNGNCRLHVC,-7.4999999999999964
446,6,P,CIEISVPTPFACQIAAEIWRAFGYEVKIDDDNGNCRLHVC,-6.899999999999995
447,7,P,CIEISVTPPFACQIAAEIWRAFGYEVKIDDDNGNCRLHVC,-3.2999999999999865
448,8,P,CIEISVTTPFACQIAAEIWRAFGYEVKIDDDNGNCRLHVC,-6.899999999999995
449,9,P,CIEISVTTPPACQIAAEIWRAFGYEVKIDDDNGNCRLHVC,-3.2999999999999865
450,10,P,CIEISVTTPFPCQIAAEIWRAFGYEVKIDDDNGNCRLHVC,-3.599999999999987
451,11,P,CIEISVTTPFAPQIAAEIWRAFGYEVKIDDDNGNCRLHVC,-3.599999999999987
452,12,P,CIEISVTTPFACPIAAEIWRAFGYEVKIDDDNGNCRLHVC,-3.599999999999987
453,13,P,CIEISVTTPFACQPAAEIWRAFGYEVKIDDDNGNCRLHVC,-3.2999999999999865
454,14,P,CIEISVTTPFACQIPAEIWRAFGYEVKIDDDNGNCRLHVC,-5.699999999999992
455,15,P,CIEISVTTPFACQIAPEIWRAFGYEVKIDDDNGNCRLHVC,-7.799999999999997
456,16,P,CIEISVTTPFACQIAAPIWRAFGYEVKIDDDNGNCRLHVC,-7.4999999999999964
457,17,P,CIEISVTTPFACQIAAEPWRAFGYEVKIDDDNGNCRLHVC,-3.2999999999999865
458,18,P,CIEISVTTPFACQIAAEIPRAFGYEVKIDDDNGNCRLHVC,-3.2999999999999865
459,19,P,CIEISVTTPFACQIAAEIWPAFGYEVKIDDDNGNCRLHVC,-3.2999999999999865
460,20,P,CIEISVTTPFACQIAAEIWRPFGYEVKIDDDNGNCRLHVC,-3.2999999999999865
461,21,P,CIEISVTTPFACQIAAEIWRAPGYEVKIDDDNGNCRLHVC,-3.2999999999999865
462,22,P,CIEISVTTPFACQIAAEIWRAFPYEVKIDDDNGNCRLHVC,-5.999999999999993
463,23,P,CIEISVTTPFACQIAAEIWRAFGPEVKIDDDNGNCRLHVC,-3.2999999999999865
464,24,P,CIEISVTTPFACQIAAEIWRAFGYPVKIDDDNGNCRLHVC,-5.699999999999992
465,25,P,CIEISVTTPFACQIAAEIWRAFGYEPKIDDDNGNCRLHVC,-3.2999999999999865
466,26,P,CIEISVTTPFACQIAAEIWRAFGYEVPIDDDNGNCRLHVC,-3.599999999999987
467,27,P,CIEISVTTPFACQIAAEIWRAFGYEVKPDDDNGNCRLHVC,-4.499999999999989
468,28,P,CIEISVTTPFACQIAAEIWRAFGYEVKIPDDNGNCRLHVC,-3.2999999999999865
469,29,P,CIEISVTTPFACQIAAEIWRAFGYEVKIDPDNGNCRLHVC,-6.299999999999994
470,30,P,CIEISVTTPFACQIAAEIWRAFGYEVKIDDPNGNCRLHVC,-5.699999999999992
471,31,P,CIEISVTTPFACQIAAEIWRAFGYEVKIDDDPGNCRLHVC,-6.899999999999995
472,32,P,CIEISVTTPFACQIAAEIWRAFGYEVKIDDDNPNCRLHVC,-3.2999999999999865
473,33,P,CIEISVTTPFACQIAAEIWRAFGYEVKIDDDNGPCRLHVC,-6.599999999999994
474,34,P,CIEISVTTPFACQIAAEIWRAFGYEVKIDDDNGNPRLHVC,-7.799999999999997
475,35,P,CIEISVTTPFACQIAAEIWRAFGYEVKIDDDNGNCPLHVC,-7.4999999999999964
476,36,P,CIEISVTTPFACQIAAEIWRAFGYEVKIDDDNGNCRPHVC,-7.199999999999996
477,37,P,CIEISVTTPFACQIAAEIWRAFGYEVKIDDDNGNCRLPVC,-6.899999999999995
478,38,P,CIEISVTTPFACQIAAEIWRAFGYEVKIDDDNGNCRLHPC,-7.4999999999999964
479,39,P,CIEISVTTPFACQIAAEIWRAFGYEVKIDDDNGNCRLHVP,-5.699999999999992
480,0,A,AIEISVTTPFACQIAAEIWRAFGYEVKIDDDNGNCRLHVC,-7.199999999999996
481,1,A,CAEISVTTPFACQIAAEIWRAFGYEVKIDDDNGNCRLHVC,-6.899999999999995
482,2,A,CIAISVTTPFACQIAAEIWRAFGYEVKIDDDNGNCRLHVC,-7.4999999999999964
483,3,A,CIEASVTTPFACQIAAEIWRAFGYEVKIDDDNGNCRLHVC,-7.199999999999996
484,4,A,CIEIAVTTPFACQIAAEIWRAFGYEVKIDDDNGNCRLHVC,-7.199999999999996
485,5,A,CIEISATTPFACQIAAEIWRAFGYEVKIDDDNGNCRLHVC,-6.899999999999995
486,6,A,CIEISVATPFACQIAAEIWRAFGYEVKIDDDNGNCRLHVC,-7.4999999999999964
487,7,A,CIEISVTAPFACQIAAEIWRAFGYEVKIDDDNGNCRLHVC,-7.199999999999996
488,8,A,CIEISVTTAFACQIAAEIWRAFGYEVKIDDDNGNCRLHVC,-7.4999999999999964
489,9,A,CIEISVTTPAACQIAAEIWRAFGYEVKIDDDNGNCRLHVC,-7.199999999999996
490,10,A,CIEISVTTPFACQIAAEIWRAFGYEVKIDDDNGNCRLHVC,-6.899999999999995
491,11,A,CIEISVTTPFAAQIAAEIWRAFGYEVKIDDDNGNCRLHVC,-6.599999999999994
492,12,A,CIEISVTTPFACAIAAEIWRAFGYEVKIDDDNGNCRLHVC,-7.4999999999999964
493,13,A,CIEISVTTPFACQAAAEIWRAFGYEVKIDDDNGNCRLHVC,-7.799999999999997
494,14,A,CIEISVTTPFACQIAAEIWRAFGYEVKIDDDNGNCRLHVC,-6.899999999999995
495,15,A,CIEISVTTPFACQIAAEIWRAFGYEVKIDDDNGNCRLHVC,-6.899999999999995
496,16,A,CIEISVTTPFACQIAAAIWRAFGYEVKIDDDNGNCRLHVC,-6.299999999999994
497,17,A,CIEISVTTPFACQIAAEAWRAFGYEVKIDDDNGNCRLHVC,-3.2999999999999865
498,18,A,CIEISVTTPFACQIAAEIARAFGYEVKIDDDNGNCRLHVC,-6.599999999999994
499,19,A,CIEISVTTPFACQIAAEIWAAFGYEVKIDDDNGNCRLHVC,-7.4999999999999964
500,20,A,CIEISVTTPFACQIAAEIWRAFGYEVKIDDDNGNCRLHVC,-6.899999999999995
501,21,A,CIEISVTTPFACQIAAEIWRAAGYEVKIDDDNGNCRLHVC,-3.2999999999999865
502,22,A,CIEISVTTPFACQIAAEIWRAFAYEVKIDDDNGNCRLHVC,-6.899999999999995
503,23,A,CIEISVTTPFACQIAAEIWRAFGAEVKIDDDNGNCRLHVC,-7.799999999999997
504,24,A,CIEISVTTPFACQIAAEIWRAFGYAVKIDDDNGNCRLHVC,-7.4999999999999964
505,25,A,CIEISVTTPFACQIAAEIWRAFGYEAKIDDDNGNCRLHVC,-7.199999999999996
506,26,A,CIEISVTTPFACQIAAEIWRAFGYEVAIDDDNGNCRLHVC,-7.4999999999999964
507,27,A,CIEISVTTPFACQIAAEIWRAFGYEVKADDDNGNCRLHVC,-7.199999999999996
508,28,A,CIEISVTTPFACQIAAEIWRAFGYEVKIADDNGNCRLHVC,-7.799999999999997
509,29,A,CIEISVTTPFACQIAAEIWRAFGYEVKIDADNGNCRLHVC,-6.599999999999994
510,30,A,CIEISVTTPFACQIAAEIWRAFGYEVKIDDANGNCRLHVC,-7.4999999999999964
511,31,A,CIEISVTTPFACQIAAEIWRAFGYEVKIDDDAGNCRLHVC,-6.899999999999995
512,32,A,CIEISVTTPFACQIAAEIWRAFGYEVKIDDDNANCRLHVC,-7.199999999999996
513,33,A,CIEISVTTPFACQIAAEIWRAFGYEVKIDDDNGACRLHVC,-7.199999999999996
514,34,A,CIEISVTTPFACQIAAEIWRAFGYEVKIDDDNGNARLHVC,-6.899999999999995
515,35,A,CIEISVTTPFACQIAAEIWRAFGYEVKIDDDNGNCALHVC,-7.4999999999999964
516,36,A,CIEISVTTPFACQIAAEIWRAFGYEVKIDDDNGNCRAHVC,-7.199999999999996
517,37,A,CIEISVTTPFACQIAAEIWRAFGYEVKIDDDNGNCRLAVC,-6.899999999999995
518,38,A,CIEISVTTPFACQIAAEIWRAFGYEVKIDDDNGNCRLHAC,-6.299999999999994
519,39,A,CIEISVTTPFACQIAAEIWRAFGYEVKIDDDNGNCRLHVA,-5.099999999999991
520,0,V,VIEISVTTPFACQIAAEIWRAFGYEVKIDDDNGNCRLHVC,-6.599999999999994
521,1,V,CVEISVTTPFACQIAAEIWRAFGYEVKIDDDNGNCRLHVC,-8.099999999999998
522,2,V,CIVISVTTPFACQIAAEIWRAFGYEVKIDDDNGNCRLHVC,-7.199999999999996
523,3,V,CIEVSVTTPFACQIAAEIWRAFGYEVKIDDDNGNCRLHVC,-6.299999999999994
524,4,V,CIEIVVTTPFACQIAAEIWRAFGYEVKIDDDNGNCRLHVC,-7.4999999999999964
525,5,V,CIEISVTTPFACQIAAEIWRAFGYEVKIDDDNGNCRLHVC,-6.899999999999995
526,6,V,CIEISVVTPFACQIAAEIWRAFGYEVKIDDDNGNCRLHVC,-7.199999999999996
527,7,V,CIEISVTVPFACQIAAEIWRAFGYEVKIDDDNGNCRLHVC,-6.599999999999994
528,8,V,CIEISVTTVFACQIAAEIWRAFGYEVKIDDDNGNCRLHVC,-8.099999999999998
529,9,V,CIEISVTTPVACQIAAEIWRAFGYEVKIDDDNGNCRLHVC,-7.199999999999996
530,10,V,CIEISVTTPFVCQIAAEIWRAFGYEVKIDDDNGNCRLHVC,-6.299999999999994
531,11,V,CIEISVTTPFAVQIAAEIWRAFGYEVKIDDDNGNCRLHVC,-6.899999999999995
532,12,V,CIEISVTTPFACVIAAEIWRAFGYEVKIDDDNGNCRLHVC,-7.4999999999999964
533,13,V,CIEISVTTPFACQVAAEIWRAFGYEVKIDDDNGNCRLHVC,-7.799999999999997
534,14,V,CIEISVTTPFACQIVAEIWRAFGYEVKIDDDNGNCRLHVC,-3.599999999999987
535,15,V,CIEISVTTPFACQIAVEIWRAFGYEVKIDDDNGNCRLHVC,-6.599999999999994
536,16,V,CIEISVTTPFACQIAAVIWRAFGYEVKIDDDNGNCRLHVC,-7.199999999999996
537,17,V,CIEISVTTPFACQIAAEVWRAFGYEVKIDDDNGNCRLHVC,-3.2999999999999865
538,18,V,CIEISVTTPFACQIAAEIVRAFGYEVKIDDDNGNCRLHVC,-3.899999999999988
539,19,V,CIEISVTTPFACQIAAEIWVAFGYEVKIDDDNGNCRLHVC,-7.4999999999999964
540,20,V,CIEISVTTPFACQIAAEIWRVFGYEVKIDDDNGNCRLHVC,-7.199999999999996
541,21,V,CIEISVTTPFACQIAAEIWRAVGYEVKIDDDNGNCRLHVC,-3.599999999999987
542,22,V,CIEISVTTPFACQIAAEIWRAFVYEVKIDDDNGNCRLHVC,-6.899999999999995
543,23,V,CIEISVTTPFACQIAAEIWRAFGVEVKIDDDNGNCRLHVC,-3.599999999999987
544,24,V,CIEISVTTPFACQIAAEIWRAFGYVVKIDDDNGNCRLHVC,-8.099999999999998
545,25,V,CIEISVTTPFACQIAAEIWRAFGYEVKIDDDNGNCRLHVC,-6.899999999999995
546,26,V,CIEISVTTPFACQIAAEIWRAFGYEVVIDDDNGNCRLHVC,-7.199999999999996
547,27,V,CIEISVTTPFACQIAAEIWRAFGYEVKVDDDNGNCRLHVC,-6.899999999999995
548,28,V,CIEISVTTPFACQIAAEIWRAFGYEVKIVDDNGNCRLHVC,-7.799999999999997
549,29,V,CIEISVTTPFACQIAAEIWRAFGYEVKIDVDNGNCRLHVC,-8.099999999999998
550,30,V,CIEISVTTPFACQIAAEIWRAFGYEVKIDDVNGNCRLHVC,-6.599999999999994
551,31,V,CIEISVTTPFACQIAAEIWRAFGYEVKIDDDVGNCRLHVC,-7.4999999999999964
552,32,V,CIEISVTTPFACQIAAEIWRAFGYEVKIDDDNVNCRLHVC,-6.899999999999995
553,33,V,CIEISVTTPFACQIAAEIWRAFGYEVKIDDDNGVCRLHVC,-7.4999999999999964
554,34,V,CIEISVTTPFACQIAAEIWRAFGYEVKIDDDNGNVRLHVC,-7.4999999999999964
555,35,V,CIEISVTTPFACQIAAEIWRAFGYEVKIDDDNGNCVLHVC,-7.199999999999996
556,36,V,CIEISVTTPFACQIAAEIWRAFGYEVKIDDDNGNCRVHVC,-7.199999999999996
557,37,V,CIEISVTTPFACQIAAEIWRAFGYEVKIDDDNGNCRLVVC,-6.299999999999994
558,38,V,CIEISVTTPFACQIAAEIWRAFGYEVKIDDDNGNCRLHVC,-6.899999999999995
559,39,V,CIEISVTTPFACQIAAEIWRAFGYEVKIDDDNGNCRLHVV,-5.3999999999999915
560,0,I,IIEISVTTPFACQIAAEIWRAFGYEVKIDDDNGNCRLHVC,-6.299999999999994
561,1,I,CIEISVTTPFACQIAAEIWRAFGYEVKIDDDNGNCRLHVC,-6.899999999999995
562,2,I,CIIISVTTPFACQIAAEIWRAFGYEVKIDDDNGNCRLHVC,-7.199999999999996
563,3,I,CIEISVTTPFACQIAAEIWRAFGYEVKIDDDNGNCRLHVC,-6.899999999999995
564,4,I,CIEIIVTTPFACQIAAEIWRAFGYEVKIDDDNGNCRLHVC,-7.4999999999999964
565,5,I,CIEISITTPFACQIAAEIWRAFGYEVKIDDDNGNCRLHVC,-6.899999999999995
566,6,I,CIEISVITPFACQIAAEIWRAFGYEVKIDDDNGNCRLHVC,-3.899999999999988
567,7,I,CIEISVTIPFACQIAAEIWRAFGYEVKIDDDNGNCRLHVC,-5.999999999999993
568,8,I,CIEISVTTIFACQIAAEIWRAFGYEVKIDDDNGNCRLHVC,-7.199999999999996
569,9,I,CIEISVTTPIACQIAAEIWRAFGYEVKIDDDNGNCRLHVC,-7.4999999999999964
570,10,I,CIEISVTTPFICQIAAEIWRAFGYEVKIDDDNGNCRLHVC,-3.2999999999999865
571,11,I,CIEISVTTPFAIQIAAEIWRAFGYEVKIDDDNGNCRLHVC,-6.899999999999995
572,12,I,CIEISVTTPFACIIAAEIWRAFGYEVKIDDDNGNCRLHVC,-7.199999999999996
573,13,I,CIEISVTTPFACQIAAEIWRAFGYEVKIDDDNGNCRLHVC,-6.899999999999995
574,14,I,CIEISVTTPFACQIIAEIWRAFGYEVKIDDDNGNCRLHVC,-3.599999999999987
575,15,I,CIEISVTTPFACQIAIEIWRAFGYEVKIDDDNGNCRLHVC,-6.299999999999994
576,16,I,CIEISVTTPFACQIAAIIWRAFGYEVKIDDDNGNCRLHVC,-5.999999999999993
577,17,I,CIEISVTTPFACQIAAEIWRAFGYEVKIDDDNGNCRLHVC,-6.899999999999995
578,18,I,CIEISVTTPFACQIAAEIIRAFGYEVKIDDDNGNCRLHVC,-3.2999999999999865
579,19,I,CIEISVTTPFACQIAAEIWIAFGYEVKIDDDNGNCRLHVC,-6.599999999999994
580,20,I,CIEISVTTPFACQIAAEIWRIFGYEVKIDDDNGNCRLHVC,-5.699999999999992
581,21,I,CIEISVTTPFACQIAAEIWRAIGYEVKIDDDNGNCRLHVC,-7.199999999999996
582,22,I,CIEISVTTPFACQIAAEIWRAFIYEVKIDDDNGNCRLHVC,-6.599999999999994
583,23,I,CIEISVTTPFACQIAAEIWRAFGIEVKIDDDNGNCRLHVC,-3.599999999999987
584,24,I,CIEISVTTPFACQIAAEIWRAFGYIVKIDDDNGNCRLHVC,-6.599999999999994
585,25,I,CIEISVTTPFACQIAAEIWRAFGYEIKIDDDNGNCRLHVC,-5.699999999999992
586,26,I,CIEISVTTPFACQIAAEIWRAFGYEVIIDDDNGNCRLHVC,-7.199999999999996
587,27,I,CIEISVTTPFACQIAAEIWRAFGYEVKIDDDNGNCRLHVC,-6.899999999999995
588,28,I,CIEISVTTPFACQIAAEIWRAFGYEVKIIDDNGNCRLHVC,-6.599999999999994
589,29,I,CIEISVTTPFACQIAAEIWRAFGYEVKIDIDNGNCRLHVC,-7.799999999999997
590,30,I,CIEISVTTPFACQIAAEIWRAFGYEVKIDDINGNCRLHVC,-7.4999999999999964
591,31,I,CIEISVTTPFACQIAAEIWRAFGYEVKIDDDIGNCRLHVC,-7.199999999999996
592,32,I,CIEISVTTPFACQIAAEIWRAFGYEVKIDDDNINCRLHVC,-6.899999999999995
593,33,I,CIEISVTTPFACQIAAEIWRAFGYEVKIDDDNGICRLHVC,-7.199999999999996
594,34,I,CIEISVTTPFACQIAAEIWRAFGYEVKIDDDNGNIRLHVC,-6.899999999999995
595,35,I,CIEISVTTPFACQIAAEIWRAFGYEVKIDDDNGNCILHVC,-7.4999999999999964
596,36,I,CIEISVTTPFACQIAAEIWRAFGYEVKIDDDNGNCRIHVC,-6.899999999999995
597,37,I,CIEISVTTPFACQIAAEIWRAFGYEVKIDDDNGNCRLIVC,-6.299999999999994
598,38,I,CIEISVTTPFACQIAAEIWRAFGYEVKIDDDNGNCRLHIC,-7.199999999999996
599,39,I,CIEISVTTPFACQIAAEIWRAFGYEVKIDDDNGNCRLHVI,-6.599999999999994
600,0,L,LIEISVTTPFACQIAAEIWRAFGYEVKIDDDNGNCRLHVC,-7.4999999999999964
601,1,L,CLEISVTTPFACQIAAEIWRAFGYEVKIDDDNGNCRLHVC,-6.299999999999994
602,2,L,CILISVTTPFACQIAAEIWRAFGYEVKIDDDNGNCRLHVC,-7.4999999999999964
603,3,L,CIELSVTTPFACQIAAEIWRAFGYEVKIDDDNGNCRLHVC,-6.899999999999995
604,4,L,CIEILVTTPFACQIAAEIWRAFGYEVKIDDDNGNCRLHVC,-6.899999999999995
605,5,L,CIEISLTTPFACQIAAEIWRAFGYEVKIDDDNGNCRLHVC,-6.899999999999995
606,6,L,CIEISVLTPFACQIAAEIWRAFGYEVKIDDDNGNCRLHVC,-7.199999999999996
607,7,L,CIEISVTLPFACQIAAEIWRAFGYEVKIDDDNGNCRLHVC,-6.899999999999995
608,8,L,CIEISVTTLFACQIAAEIWRAFGYEVKIDDDNGNCRLHVC,-7.199999999999996
609,9,L,CIEISVTTPLACQIAAEIWRAFGYEVKIDDDNGNCRLHVC,-7.199999999999996
610,10,L,CIEISVTTPFLCQIAAEIWRAFGYEVKIDDDNGNCRLHVC,-3.2999999999999865
611,11,L,CIEISVTTPFALQIAAEIWRAFGYEVKIDDDNGNCRLHVC,-7.199999999999996
612,12,L,CIEISVTTPFACLIAAEIWRAFGYEVKIDDDNGNCRLHVC,-7.4999999999999964
613,13,L,CIEISVTTPFACQLAAEIWRAFGYEVKIDDDNGNCRLHVC,-7.4999999999999964
614,14,L,CIEISVTTPFACQILAEIWRAFGYEVKIDDDNGNCRLHVC,-4.199999999999989
615,15,L,CIEISVTTPFACQIALEIWRAFGYEVKIDDDNGNCRLHVC,-7.4999999999999964
616,16,L,CIEISVTTPFACQIAALIWRAFGYEVKIDDDNGNCRLHVC,-5.099999999999991
617,17,L,CIEISVTTPFACQIAAELWRAFGYEVKIDDDNGNCRLHVC,-7.199999999999996
618,18,L,CIEISVTTPFACQIAAEILRAFGYEVKIDDDNGNCRLHVC,-3.2999999999999865
619,19,L,CIEISVTTPFACQIAAEIWLAFGYEVKIDDDNGNCRLHVC,-7.199999999999996
620,20,L,CIEISVTTPFACQIAAEIWRLFGYEVKIDDDNGNCRLHVC,-7.199999999999996
621,21,L,CIEISVTTPFACQIAAEIWRALGYEVKIDDDNGNCRLHVC,-7.4999999999999964
622,22,L,CIEISVTTPFACQIAAEIWRAFLYEVKIDDDNGNCRLHVC,-6.599999999999994
623,23,L,CIEISVTTPFACQIAAEIWRAFGLEVKIDDDNGNCRLHVC,-3.599999999999987
624,24,L,CIEISVTTPFACQIAAEIWRAFGYLVKIDDDNGNCRLHVC,-7.199999999999996
625,25,L,CIEISVTTPFACQIAAEIWRAFGYELKIDDDNGNCRLHVC,-3.599999999999987
626,26,L,CIEISVTTPFACQIAAEIWRAFGYEVLIDDDNGNCRLHVC,-6.899999999999995
627,27,L,CIEISVTTPFACQIAAEIWRAFGYEVKLDDDNGNCRLHVC,-7.199999999999996
628,28,L,CIEISVTTPFACQIAAEIWRAFGYEVKILDDNGNCRLHVC,-6.299999999999994
629,29,L,CIEISVTTPFACQIAAEIWRAFGYEVKIDLDNGNCRLHVC,-7.199999999999996
630,30,L,CIEISVTTPFACQIAAEIWRAFGYEVKIDDLNGNCRLHVC,-7.199999999999996
631,31,L,CIEISVTTPFACQIAAEIWRAFGYEVKIDDDLGNCRLHVC,-7.4999999999999964
632,32,L,CIEISVTTPFACQIAAEIWRAFGYEVKIDDDNLNCRLHVC,-6.599999999999994
633,33,L,CIEISVTTPFACQIAAEIWRAFGYEVKIDDDNGLCRLHVC,-6.899999999999995
634,34,L,CIEISVTTPFACQIAAEIWRAFGYEVKIDDDNGNLRLHVC,-7.199999999999996
635,35,L,CIEISVTTPFACQIAAEIWRAFGYEVKIDDDNGNCLLHVC,-7.4999999999999964
636,36,L,CIEISVTTPFACQIAAEIWRAFGYEVKIDDDNGNCRLHVC,-6.899999999999995
637,37,L,CIEISVTTPFACQIAAEIWRAFGYEVKIDDDNGNCRLLVC,-6.899999999999995
638,38,L,CIEISVTTPFACQIAAEIWRAFGYEVKIDDDNGNCRLHLC,-6.899999999999995
639,39,L,CIEISVTTPFACQIAAEIWRAFGYEVKIDDDNGNCRLHVL,-7.199999999999996
640,0,M,MIEISVTTPFACQIAAEIWRAFGYEVKIDDDNGNCRLHVC,-7.199999999999996
641,1,M,CMEISVTTPFACQIAAEIWRAFGYEVKIDDDNGNCRLHVC,-7.799999999999997
642,2,M,CIMISVTTPFACQIAAEIWRAFGYEVKIDDDNGNCRLHVC,-9.0
643,3,M,CIEMSVTTPFACQIAAEIWRAFGYEVKIDDDNGNCRLHVC,-6.899999999999995
644,4,M,CIEIMVTTPFACQIAAEIWRAFGYEVKIDDDNGNCRLHVC,-7.199999999999996
645,5,M,CIEISMTTPFACQIAAEIWRAFGYEVKIDDDNGNCRLHVC,-7.799999999999997
646,6,M,CIEISVMTPFACQIAAEIWRAFGYEVKIDDDNGNCRLHVC,-7.4999999999999964
647,7,M,CIEISVTMPFACQIAAEIWRAFGYEVKIDDDNGNCRLHVC,-6.299999999999994
648,8,M,CIEISVTTMFACQIAAEIWRAFGYEVKIDDDNGNCRLHVC,-8.099999999999998
649,9,M,CIEISVTTPMACQIAAEIWRAFGYEVKIDDDNGNCRLHVC,-6.599999999999994
650,10,M,CIEISVTTPFMCQIAAEIWRAFGYEVKIDDDNGNCRLHVC,-3.599999999999987
651,11,M,CIEISVTTPFAMQIAAEIWRAFGYEVKIDDDNGNCRLHVC,-7.199999999999996
652,12,M,CIEISVTTPFACMIAAEIWRAFGYEVKIDDDNGNCRLHVC,-7.4999999999999964
653,13,M,CIEISVTTPFACQMAAEIWRAFGYEVKIDDDNGNCRLHVC,-7.4999999999999964
654,14,M,CIEISVTTPFACQIMAEIWRAFGYEVKIDDDNGNCRLHVC,-3.2999999999999865
655,15,M,CIEISVTTPFACQIAMEIWRAFGYEVKIDDDNGNCRLHVC,-7.199999999999996
656,16,M,CIEISVTTPFACQIAAMIWRAFGYEVKIDDDNGNCRLHVC,-3.2999999999999865
657,17,M,CIEISVTTPFACQIAAEMWRAFGYEVKIDDDNGNCRLHVC,-7.199999999999996
658,18,M,CIEISVTTPFACQIAAEIMRAFGYEVKIDDDNGNCRLHVC,-3.599999999999987
659,19,M,CIEISVTTPFACQIAAEIWMAFGYEVKIDDDNGNCRLHVC,-7.4999999999999964
660,20,M,CIEISVTTPFACQIAAEIWRMFGYEVKIDDDNGNCRLHVC,-5.699999999999992
661,21,M,CIEISVTTPFACQIAAEIWRAMGYEVKIDDDNGNCRLHVC,-3.899999999999988
662,22,M,CIEISVTTPFACQIAAEIWRAFMYEVKIDDDNGNCRLHVC,-7.199999999999996
663,23,M,CIEISVTTPFACQIAAEIWRAFGMEVKIDDDNGNCRLHVC,-3.899999999999988
664,24,M,CIEISVTTPFACQIAAEIWRAFGYMVKIDDDNGNCRLHVC,-7.4999999999999964
665,25,M,CIEISVTTPFACQIAAEIWRAFGYEMKIDDDNGNCRLHVC,-3.2999999999999865
666,26,M,CIEISVTTPFACQIAAEIWRAFGYEVMIDDDNGNCRLHVC,-7.4999999999999964
667,27,M,CIEISVTTPFACQIAAEIWRAFGYEVKMDDDNGNCRLHVC,-7.4999999999999964
668,28,M,CIEISVTTPFACQIAAEIWRAFGYEVKIMDDNGNCRLHVC,-7.799999999999997
669,29,M,CIEISVTTPFACQIAAEIWRAFGYEVKIDMDNGNCRLHVC,-7.4999999999999964
670,30,M,CIEISVTTPFACQIAAEIWRAFGYEVKIDDMNGNCRLHVC,-7.4999999999999964
671,31,M,CIEISVTTPFACQIAAEIWRAFGYEVKIDDDMGNCRLHVC,-7.199999999999996
672,32,M,CIEISVTTPFACQIAAEIWRAFGYEVKIDDDNMNCRLHVC,-5.999999999999993
673,33,M,CIEISVTTPFACQIAAEIWRAFGYEVKIDDDNGMCRLHVC,-7.199999999999996
674,34,M,CIEISVTTPFACQIAAEIWRAFGYEVKIDDDNGNMRLHVC,-6.899999999999995
675,35,M,CIEISVTTPFACQIAAEIWRAFGYEVKIDDDNGNCMLHVC,-7.4999999999999964
676,36,M,CIEISVTTPFACQIAAEIWRAFGYEVKIDDDNGNCRMHVC,-7.4999999999999964
677,37,M,CIEISVTTPFACQIAAEIWRAFGYEVKIDDDNGNCRLMVC,-6.899999999999995
678,38,M,CIEISVTTPFACQIAAEIWRAFGYEVKIDDDNGNCRLHMC,-6.899999999999995
679,39,M,CIEISVTTPFACQIAAEIWRAFGYEVKIDDDNGNCRLHVM,-6.299999999999994
680,0,F,FIEISVTTPFACQIAAEIWRAFGYEVKIDDDNGNCRLHVC,-7.199999999999996
681,1,F,CFEISVTTPFACQIAAEIWRAFGYEVKIDDDNGNCRLHVC,-7.4999999999999964
682,2,F,CIFISVTTPFACQIAAEIWRAFGYEVKIDDDNGNCRLHVC,-7.799999999999997
683,3,F,CIEFSVTTPFACQIAAEIWRAFGYEVKIDDDNGNCRLHVC,-6.899999999999995
684,4,F,CIEIFVTTPFACQIAAEIWRAFGYEVKIDDDNGNCRLHVC,-6.599999999999994
685,5,F,CIEISFTTPFACQIAAEIWRAFGYEVKIDDDNGNCRLHVC,-8.099999999999998
686,6,F,CIEISVFTPFACQIAAEIWRAFGYEVKIDDDNGNCRLHVC,-7.199999999999996
687,7,F,CIEISVTFPFACQIAAEIWRAFGYEVKIDDDNGNCRLHVC,-6.899999999999995
688,8,F,CIEISVTTFFACQIAAEIWRAFGYEVKIDDDNGNCRLHVC,-7.199999999999996
689,9,F,CIEISVTTPFACQIAAEIWRAFGYEVKIDDDNGNCRLHVC,-6.899999999999995
690,10,F,CIEISVTTPFFCQIAAEIWRAFGYEVKIDDDNGNCRLHVC,-3.2999999999999865
691,11,F,CIEISVTTPFAFQIAAEIWRAFGYEVKIDDDNGNCRLHVC,-5.999999999999993
692,12,F,CIEISVTTPFACFIAAEIWRAFGYEVKIDDDNGNCRLHVC,-6.899999999999995
693,13,F,CIEISVTTPFACQFAAEIWRAFGYEVKIDDDNGNCRLHVC,-7.199999999999996
694,14,F,CIEISVTTPFACQIFAEIWRAFGYEVKIDDDNGNCRLHVC,-3.2999999999999865
695,15,F,CIEISVTTPFACQIAFEIWRAFGYEVKIDDDNGNCRLHVC,-7.199999999999996
696,16,F,CIEISVTTPFACQIAAFIWRAFGYEVKIDDDNGNCRLHVC,-4.199999999999989
697,17,F,CIEISVTTPFACQIAAEFWRAFGYEVKIDDDNGNCRLHVC,-3.2999999999999865
698,18,F,CIEISVTTPFACQIAAEIFRAFGYEVKIDDDNGNCRLHVC,-3.2999999999999865
699,19,F,CIEISVTTPFACQIAAEIWFAFGYEVKIDDDNGNCRLHVC,-6.899999999999995
700,20,F,CIEISVTTPFACQIAAEIWRFFGYEVKIDDDNGNCRLHVC,-6.599999999999994
701,21,F,CIEISVTTPFACQIAAEIWRAFGYEVKIDDDNGNCRLHVC,-6.899999999999995
702,22,F,CIEISVTTPFACQIAAEIWRAFFYEVKIDDDNGNCRLHVC,-7.199999999999996
703,23,F,CIEISVTTPFACQIAAEIWRAFGFEVKIDDDNGNCRLHVC,-6.899999999999995
704,24,F,CIEISVTTPFACQIAAEIWRAFGYFVKIDDDNGNCRLHVC,-7.4999999999999964
705,25,F,CIEISVTTPFACQIAAEIWRAFGYEFKIDDDNGNCRLHVC,-3.599999999999987
706,26,F,CIEISVTTPFACQIAAEIWRAFGYEVFIDDDNGNCRLHVC,-7.199999999999996
707,27,F,CIEISVTTPFACQIAAEIWRAFGYEVKFDDDNGNCRLHVC,-3.899999999999988
708,28,F,CIEISVTTPFACQIAAEIWRAFGYEVKIFDDNGNCRLHVC,-3.2999999999999865
709,29,F,CIEISVTTPFACQIAAEIWRAFGYEVKIDFDNGNCRLHVC,-6.599999999999994
710,30,F,CIEISVTTPFACQIAAEIWRAFGYEVKIDDFNGNCRLHVC,-6.899999999999995
711,31,F,CIEISVTTPFACQIAAEIWRAFGYEVKIDDDFGNCRLHVC,-5.3999999999999915
712,32,F,CIEISVTTPFACQIAAEIWRAFGYEVKIDDDNFNCRLHVC,-6.899999999999995
713,33,F,CIEISVTTPFACQIAAEIWRAFGYEVKIDDDNGFCRLHVC,-6.599999999999994
714,34,F,CIEISVTTPFACQIAAEIWRAFGYEVKIDDDNGNFRLHVC,-7.199999999999996
715,35,F,CIEISVTTPFACQIAAEIWRAFGYEVKIDDDNGNCFLHVC,-7.199999999999996
716,36,F,CIEISVTTPFACQIAAEIWRAFGYEVKIDDDNGNCRFHVC,-3.2999999999999865
717,37,F,CIEISVTTPFACQIAAEIWRAFGYEVKIDDDNGNCRLFVC,-6.899999999999995
718,38,F,CIEISVTTPFACQIAAEIWRAFGYEVKIDDDNGNCRLHFC,-3.2999999999999865
719,39,F,CIEISVTTPFACQIAAEIWRAFGYEVKIDDDNGNCRLHVF,-6.599999999999994
720,0,Y,YIEISVTTPFACQIAAEIWRAFGYEVKIDDDNGNCRLHVC,-6.899999999999995
721,1,Y,CYEISVTTPFACQIAAEIWRAFGYEVKIDDDNGNCRLHVC,-7.199999999999996
722,2,Y,CIYISVTTPFACQIAAEIWRAFGYEVKIDDDNGNCRLHVC,-7.199999999999996
723,3,Y,CIEYSVTTPFACQIAAEIWRAFGYEVKIDDDNGNCRLHVC,-7.4999999999999964
724,4,Y,CIEIYVTTPFACQIAAEIWRAFGYEVKIDDDNGNCRLHVC,-6.899999999999995
725,5,Y,CIEISYTTPFACQIAAEIWRAFGYEVKIDDDNGNCRLHVC,-7.4999999999999964
726,6,Y,CIEISVYTPFACQIAAEIWRAFGYEVKIDDDNGNCRLHVC,-7.4999999999999964
727,7,Y,CIEISVTYPFACQIAAEIWRAFGYEVKIDDDNGNCRLHVC,-7.199999999999996
728,8,Y,CIEISVTTYFACQIAAEIWRAFGYEVKIDDDNGNCRLHVC,-7.199999999999996
729,9,Y,CIEISVTTPYACQIAAEIWRAFGYEVKIDDDNGNCRLHVC,-7.4999999999999964
730,10,Y,CIEISVTTPFYCQIAAEIWRAFGYEVKIDDDNGNCRLHVC,-4.499999999999989
731,11,Y,CIEISVTTPFAYQIAAEIWRAFGYEVKIDDDNGNCRLHVC,-3.899999999999988
732,12,Y,CIEISVTTPFACYIAAEIWRAFGYEVKIDDDNGNCRLHVC,-7.4999999999999964
733,13,Y,CIEISVTTPFACQYAAEIWRAFGYEVKIDDDNGNCRLHVC,-6.599999999999994
734,14,Y,CIEISVTTPFACQIYAEIWRAFGYEVKIDDDNGNCRLHVC,-4.499999999999989
735,15,Y,CIEISVTTPFACQIAYEIWRAFGYEVKIDDDNGNCRLHVC,-7.199999999999996
736,16,Y,CIEISVTTPFACQIAAYIWRAFGYEVKIDDDNGNCRLHVC,-3.2999999999999865
737,17,Y,CIEISVTTPFACQIAAEYWRAFGYEVKIDDDNGNCRLHVC,-3.2999999999999865
738,18,Y,CIEISVTTPFACQIAAEIYRAFGYEVKIDDDNGNCRLHVC,-7.4999999999999964
739,19,Y,CIEISVTTPFACQIAAEIWYAFGYEVKIDDDNGNCRLHVC,-6.899999999999995
740,20,Y,CIEISVTTPFACQIAAEIWRYFGYEVKIDDDNGNCRLHVC,-7.4999999999999964
741,21,Y,CIEISVTTPFACQIAAEIWRAYGYEVKIDDDNGNCRLHVC,-3.2999999999999865
742,22,Y,CIEISVTTPFACQIAAEIWRAFYYEVKIDDDNGNCRLHVC,-7.199999999999996
743,23,Y,CIEISVTTPFACQIAAEIWRAFGYEVKIDDDNGNCRLHVC,-6.899999999999995
744,24,Y,CIEISVTTPFACQIAAEIWRAFGYYVKIDDDNGNCRLHVC,-7.4999999999999964
745,25,Y,CIEISVTTPFACQIAAEIWRAFGYEYKIDDDNGNCRLHVC,-3.2999999999999865
746,26,Y,CIEISVTTPFACQIAAEIWRAFGYEVYIDDDNGNCRLHVC,-7.799999999999997
747,27,Y,CIEISVTTPFACQIAAEIWRAFGYEVKYDDDNGNCRLHVC,-6.899999999999995
748,28,Y,CIEISVTTPFACQIAAEIWRAFGYEVKIYDDNGNCRLHVC,-7.199999999999996
749,29,Y,CIEISVTTPFACQIAAEIWRAFGYEVKIDYDNGNCRLHVC,-3.2999999999999865
750,30,Y,CIEISVTTPFACQIAAEIWRAFGYEVKIDDYNGNCRLHVC,-7.4999999999999964
751,31,Y,CIEISVTTPFACQIAAEIWRAFGYEVKIDDDYGNCRLHVC,-6.899999999999995
752,32,Y,CIEISVTTPFACQIAAEIWRAFGYEVKIDDDNYNCRLHVC,-6.899999999999995
753,33,Y,CIEISVTTPFACQIAAEIWRAFGYEVKIDDDNGYCRLHVC,-7.4999999999999964
754,34,Y,CIEISVTTPFACQIAAEIWRAFGYEVKIDDDNGNYRLHVC,-7.199999999999996
755,35,Y,CIEISVTTPFACQIAAEIWRAFGYEVKIDDDNGNCYLHVC,-6.899999999999995
756,36,Y,CIEISVTTPFACQIAAEIWRAFGYEVKIDDDNGNCRYHVC,-7.199999999999996
757,37,Y,CIEISVTTPFACQIAAEIWRAFGYEVKIDDDNGNCRLYVC,-6.899999999999995
758,38,Y,CIEISVTTPFACQIAAEIWRAFGYEVKIDDDNGNCRLHYC,-6.899999999999995
759,39,Y,CIEISVTTPFACQIAAEIWRAFGYEVKIDDDNGNCRLHVY,-7.199999999999996
760,0,W,WIEISVTTPFACQIAAEIWRAFGYEVKIDDDNGNCRLHVC,-7.199999999999996
761,1,W,CWEISVTTPFACQIAAEIWRAFGYEVKIDDDNGNCRLHVC,-6.899999999999995
762,2,W,CIWISVTTPFACQIAAEIWRAFGYEVKIDDDNGNCRLHVC,-8.7
763,3,W,CIEWSVTTPFACQIAAEIWRAFGYEVKIDDDNGNCRLHVC,-7.4999999999999964
764,4,W,CIEIWVTTPFACQIAAEIWRAFGYEVKIDDDNGNCRLHVC,-7.199999999999996
765,5,W,CIEISWTTPFACQIAAEIWRAFGYEVKIDDDNGNCRLHVC,-7.199999999999996
766,6,W,CIEISVWTPFACQIAAEIWRAFGYEVKIDDDNGNCRLHVC,-7.199999999999996
767,7,W,CIEISVTWPFACQIAAEIWRAFGYEVKIDDDNGNCRLHVC,-4.499999999999989
768,8,W,CIEISVTTWFACQIAAEIWRAFGYEVKIDDDNGNCRLHVC,-7.799999999999997
769,9,W,CIEISVTTPWACQIAAEIWRAFGYEVKIDDDNGNCRLHVC,-3.599999999999987
770,10,W,CIEISVTTPFWCQIAAEIWRAFGYEVKIDDDNGNCRLHVC,-3.2999999999999865
771,11,W,CIEISVTTPFAWQIAAEIWRAFGYEVKIDDDNGNCRLHVC,-3.599999999999987
772,12,W,CIEISVTTPFACWIAAEIWRAFGYEVKIDDDNGNCRLHVC,-6.899999999999995
773,13,W,CIEISVTTPFACQWAAEIWRAFGYEVKIDDDNGNCRLHVC,-7.4999999999999964
774,14,W,CIEISVTTPFACQIWAEIWRAFGYEVKIDDDNGNCRLHVC,-3.2999999999999865
775,15,W,CIEISVTTPFACQIAWEIWRAFGYEVKIDDDNGNCRLHVC,-6.599999999999994
776,16,W,CIEISVTTPFACQIAAWIWRAFGYEVKIDDDNGNCRLHVC,-3.599999999999987
777,17,W,CIEISVTTPFACQIAAEWWRAFGYEVKIDDDNGNCRLHVC,-3.2999999999999865
778,18,W,CIEISVTTPFACQIAAEIWRAFGYEVKIDDDNGNCRLHVC,-6.899999999999995
779,19,W,CIEISVTTPFACQIAAEIWWAFGYEVKIDDDNGNCRLHVC,-6.899999999999995
780,20,W,CIEISVTTPFACQIAAEIWRWFGYEVKIDDDNGNCRLHVC,-3.2999999999999865
781,21,W,CIEISVTTPFACQIAAEIWRAWGYEVKIDDDNGNCRLHVC,-3.599999999999987
782,22,W,CIEISVTTPFACQIAAEIWRAFWYEVKIDDDNGNCRLHVC,-6.899999999999995
783,23,W,CIEISVTTPFACQIAAEIWRAFGWEVKIDDDNGNCRLHVC,-6.299999999999994
784,24,W,CIEISVTTPFACQIAAEIWRAFGYWVKIDDDNGNCRLHVC,-8.099999999999998
785,25,W,CIEISVTTPFACQIAAEIWRAFGYEWKIDDDNGNCRLHVC,-3.2999999999999865
786,26,W,CIEISVTTPFACQIAAEIWRAFGYEVWIDDDNGNCRLHVC,-7.4999999999999964
787,27,W,CIEISVTTPFACQIAAEIWRAFGYEVKWDDDNGNCRLHVC,-6.599999999999994
788,28,W,CIEISVTTPFACQIAAEIWRAFGYEVKIWDDNGNCRLHVC,-7.4999999999999964
789,29,W,CIEISVTTPFACQIAAEIWRAFGYEVKIDWDNGNCRLHVC,-7.4999999999999964
790,30,W,CIEISVTTPFACQIAAEIWRAFGYEVKIDDWNGNCRLHVC,-6.299999999999994
791,31,W,CIEISVTTPFACQIAAEIWRAFGYEVKIDDDWGNCRLHVC,-6.599999999999994
792,32,W,CIEISVTTPFACQIAAEIWRAFGYEVKIDDDNWNCRLHVC,-6.299999999999994
793,33,W,CIEISVTTPFACQIAAEIWRAFGYEVKIDDDNGWCRLHVC,-6.899999999999995
794,34,W,CIEISVTTPFACQIAAEIWRAFGYEVKIDDDNGNWRLHVC,-6.899999999999995
795,35,W,CIEISVTTPFACQIAAEIWRAFGYEVKIDDDNGNCWLHVC,-6.899999999999995
796,36,W,CIEISVTTPFACQIAAEIWRAFGYEVKIDDDNGNCRWHVC,-3.2999999999999865
797,37,W,CIEISVTTPFACQIAAEIWRAFGYEVKIDDDNGNCRLWVC,-5.3999999999999915
798,38,W,CIEISVTTPFACQIAAEIWRAFGYEVKIDDDNGNCRLHWC,-6.899999999999995
799,39,W,CIEISVTTPFACQIAAEIWRAFGYEVKIDDDNGNCRLHVW,-7.199999999999996
